-- phpMyAdmin SQL Dump
-- version 4.8.5
-- https://www.phpmyadmin.net/
--
-- Host: 127.0.0.1
-- Waktu pembuatan: 14 Feb 2020 pada 11.13
-- Versi server: 10.1.38-MariaDB
-- Versi PHP: 5.6.40

SET SQL_MODE = "NO_AUTO_VALUE_ON_ZERO";
SET AUTOCOMMIT = 0;
START TRANSACTION;
SET time_zone = "+00:00";


/*!40101 SET @OLD_CHARACTER_SET_CLIENT=@@CHARACTER_SET_CLIENT */;
/*!40101 SET @OLD_CHARACTER_SET_RESULTS=@@CHARACTER_SET_RESULTS */;
/*!40101 SET @OLD_COLLATION_CONNECTION=@@COLLATION_CONNECTION */;
/*!40101 SET NAMES utf8mb4 */;

--
-- Database: `db_wms`
--

-- --------------------------------------------------------

--
-- Struktur dari tabel `tb_distributor`
--

CREATE TABLE `tb_distributor` (
  `DR_ID` varchar(150) NOT NULL DEFAULT '-',
  `DR_NAME` varchar(150) NOT NULL DEFAULT '-',
  `DR_PHONE` varchar(15) NOT NULL DEFAULT '0',
  `DR_EMAIL` varchar(150) NOT NULL DEFAULT '-',
  `DR_ADDRESS` text NOT NULL,
  `DR_ADDRESS_SHIPPING` text NOT NULL,
  `DR_CITY` varchar(150) NOT NULL DEFAULT '-'
) ENGINE=InnoDB DEFAULT CHARSET=latin1;

--
-- Dumping data untuk tabel `tb_distributor`
--

INSERT INTO `tb_distributor` (`DR_ID`, `DR_NAME`, `DR_PHONE`, `DR_EMAIL`, `DR_ADDRESS`, `DR_ADDRESS_SHIPPING`, `DR_CITY`) VALUES
('DST001', 'PT ALTINDO MULIA', '021-5522173/021', 'proc-local@altindo.co.id', 'JL. PLUIT SELATAN RAYA NO. 60, JAKARTA UTARA 14450', 'JL. DAAN MOGOT KM. 20.2 NO. 327 BATU CEPER, TANGERANG', 'TANGERANG'),
('DST002', 'CV BALI PURNAMA', '0361 - 895 0508', 'mkt.mbp@gmail.com', 'JL. SUWUNG BATAN KENDAL PERUMAHAN SUWUNG PERMAI NO. 1 DENPASAR SELATAN', 'JL. SUWUNG BATAN KENDAL PERUMAHAN SUWUNG PERMAI NO. 1 DENPASAR SELATAN', 'DENPASAR BALI'),
('DST003', 'PT BERKAT NIAGA DUNIA', '021-6327060 / 0', 'general@bndsafety.net', 'JL. CIDENG BARAT NO.47D, JAKARTA 10150', 'JL. CIDENG BARAT NO.47D, JAKARTA 10150', 'JAKARTA'),
('DST004', 'PT EKASURYA INOUT INDONESIA', '021-8990 6301', 'rina@ekasurya.co.id', 'KAWASAN INDUSTRI DELTA SILICON 3, JL. SUNGKAI BLOK F 26 A NO. 10, DS. CICAU, CIKARANG PUSAT - BEKASI', 'KAWASAN INDUSTRI DELTA SILICON 3, JL. SUNGKAI BLOK F 26 A NO. 10, DS. CICAU, CIKARANG PUSAT - BEKASI', 'BEKASI'),
('DST005', 'PT EKASURYA INTERNUSA INDONESIA', '031-51503885 / ', 'arifin@ekasuryainternusa.com', 'JL. RAYA KALIRUNGKUT NO. 5 RUKO RUNGKUT MEGAH RAYA BLOK J - 35 SURABAYA', 'JL. RAYA KALIRUNGKUT NO. 5 RUKO RUNGKUT MEGAH RAYA BLOK J - 35 SURABAYA', 'SURABAYA'),
('DST006', 'PT ERA TEKNIK MULTIPOLAR', '021-66606786', 'janfong08@yahoo.com', 'JL. SUNGAI RAYA DALAM GG DANGAU II RT. 028 RW. 001 SUNGAI RAYA KUBU RAYA 78391 KALIMANTAN BARAT', 'EXPEDISI CV INDO KARGO, JL. PAKIN RUKAN MITRA BAHARI TAHAP II BLOK D NO. 3A, JAKARTA UTARA', 'JAKARTA'),
('DST007', 'PT FRESHENING INDONESIA', '021-5579 6996', 'indoadmin@freshening.com.sg', 'JL. PAJAJARAN, KAWASAN PERGUDANGAN KARAWACI, BLOK C02-C03 RT 010/001 KEL. BINONG, KEC. CURUG, TANGERANG', 'JL. PAJAJARAN, KAWASAN PERGUDANGAN KARAWACI, BLOK C02-C03 RT 010/001 KEL. BINONG, KEC. CURUG, TANGERANG', 'TANGERANG'),
('DST008', 'PT GRAHA MULTISARANA MESINDO', '024 - 7663 3263', 'purchasing@grahamultisarana.com', 'RUKO GATSU PLAZA NO. 23, JL. GATOT SUBROTO PURWOYOSO, NGALIYAN, SEMARANG, JAWA TENGAH', 'RUKO GATSU PLAZA NO. 23, JL. GATOT SUBROTO PURWOYOSO, NGALIYAN, SEMARANG, JAWA TENGAH', 'SEMARANG'),
('DST009', 'PT JAN MAKMUR INDONESIA', '021-546 7076 / ', 'purwanty.jmi@gmail.com', 'RUKO GADING SERPONG JL. KELAPA PUAN AD 14/19 PAKULONAN BARAT KELAPA DUA TANGERANG', 'RUKO GADING SERPONG JL. KELAPA PUAN AD 14/19 PAKULONAN BARAT KELAPA DUA TANGERANG', 'TANGERANG'),
('DST010', 'PT JAVATEC TRIMITRA UTAMA', '021-5473564', 'andrew@javatec.co.id', 'JL. BOULEVARD RAYA BLOK AA-4 NO. 28-29, GADING SERPONG, KEL. PAKULON BARAT, KEC. KELAPA DUA', 'JL. BOULEVARD RAYA BLOK AA-4 NO. 28-29, GADING SERPONG, KEL. PAKULON BARAT, KEC. KELAPA DUA', 'TANGERANG'),
('DST011', 'CV KOTA BARU MANDIRI', '0254 - 398645', 'yuni@kotabaru.co.id', 'JL. S. A. TIRTAYASA NO. 89 - 90 RT 10 RW 03, CILEGON - BANTEN', 'JL. S. A. TIRTAYASA NO. 89 - 90 RT 10 RW 03, CILEGON - BANTEN', 'CILEGON - BANTEN'),
('DST012', 'CV MENTARI MEGAH PERKASA', '0819-5528-085', 'kiki.anggriawan@mentari-group.com', 'JL. MANUNGGAL NO. 095 RT 035 DAMAI BAHAGIA, BALIKPAPAN SELATAN, KOTA BALIKPAPAN KALIMANTAN TIMUR', 'PICK UP KONTAINER - TRANSPORINDO', 'BEKASI'),
('DST013', 'PT PERISAI HIDUP MANDIRI', '021-2984 2932', 'info.perisaihidupmandiri@gmail.com', 'JL. GANDARIA NO. 4 B RT 010 RW 012 PEKAYON, PASAR REBO, JAKARTA TIMUR', 'JL. GANDARIA NO. 4 B RT 010 RW 012 PEKAYON, PASAR REBO, JAKARTA TIMUR', 'JAKARTA'),
('DST014', 'PT PRATAMA GRAHA SEMESTA', '021-6900656', 'Awang@ptpgs.co.id', 'KOMP. LODAN CENTRE BLOK H/11, JL. LODAN RAYA NO.2 PADEMANGAN, JAKARTA UTARA 14430', 'KOMP. LODAN CENTRE BLOK H/11, JL. LODAN RAYA NO.2 PADEMANGAN, JAKARTA UTARA 14430', 'JAKARTA'),
('DST015', 'PT RIZKY ANUGERAH ENGINEERING', '021 - 87756737', 'Anisa@rae.co.id', 'JL. RAYA GAS ALAM GG. SWADAYA RT 003 RW 001 CURUG MANGGIS, DEPOK 16953', 'JL. RAYA GAS ALAM GG. SWADAYA RT 003 RW 001 CURUG MANGGIS, DEPOK 16953', 'DEPOK'),
('DST016', 'CV SAKHA DAYA', '0878-7068-0662', 'support@sakhadaya.com', 'RUKO LITTLE CHINA BLOK J2 23 LEGENDA WISATA, GUNUNG PUTRI, BOGOR', 'RUKO LITTLE CHINA BLOK J2 23 LEGENDA WISATA, GUNUNG PUTRI, BOGOR', 'BOGOR'),
('DST017', 'CV SARANA PRIMA LESTARI', '0511-3269593', 'jessica@saranaprimalestari.com', 'JL. PRAMUKA NO. 63, RT 011 KEL. PEMUSAR LUAR KEC. BANJARMASIN TIMUR, KALIMANTAN SELATAN', 'EXPEDISI SUMBER REZEKI, DEPO INGGOM JALAN RE MARTADINATA SAMPIL POL. AIR TANJUNG PRIOK CONTAINER SPIL', 'JAKARTA'),
('DST018', 'CV SIMA PUTERA', '0851-0065-5907', 'deden.simaputra@gmail.com', 'RUKO GARDEN CITY NO. 19, CIGANITRI - TERUSAN BUAH BATU, BANDUNG', 'RUKO GARDEN CITY NO. 19, CIGANITRI - TERUSAN BUAH BATU, BANDUNG', 'BANDUNG'),
('DST019', 'PT SURYAMAN TRI TUNGGAL PERKASA', '08122334488', 'suryamantp@yahoo.co.id', 'JL. BANCEUY 116 BANDUNG', 'JL. BANCEUY 116 BANDUNG', 'BANDUNG'),
('DST020', 'CV SURYA UTAMA NUSANTARA', '0411-452037', 'sunana@indosat.net.id', 'JL. VETERAN UTARA NO. 301 C, MAKASSAR 90142', 'EXPEDISI KITRANS LOGISTICS INDONESIA, RUKO LODAN CENTER BLOK R NO. 3, JL. LODAN RAYA, ANCOL, JAKARTA 14430', 'JAKARTA'),
('DST021', 'PT TAHTA KASIH KARUNIA MATARAM', '031-8555778', 'tina@tkk.co.id', 'KOMP. PERTOKOAN GATEWAY JL. RAYA SAWOTRATAP BLOK D-33 GEDANGAN SIDOARJO', 'EXPEDISI TRI JASA JAYA UTAMA, JL.LODAN RAYA (Lodan Center) Blok O No.8-9, JAKARTA UTARA 11430', 'JAKARTA'),
('DST022', 'PT TAHTA KASIH KARUNIA SURABAYA', '031 - 99681948', 'atyka@tkk.co.id', 'KOMP. PERTOKOAN GATEWAY BLOK D - 33 SAWOTRATAP, GEDANGAN, SIDOARJO', 'JALAN RAYA BERBEK NO 47 WARU - SIODARJO', 'SURABAYA'),
('DST023', 'CV TEKNIK STEEL', '0761 - 7000075', 'wt.marketing@yahoo.com', 'JL. ANGKASA NO. 34 D-E PEKANBARU - RIAU', 'EKSPEDISI GJSI, JL. KAPUK MUARA NO. 7 KOMP. DUTA HARAPAN BLOCK K NO. 8 TELUK GONG JAKARTA UTARA', 'JAKARTA'),
('DST024', 'PT TRIT INDONESIA', '021 - 292 38814', 'pttritindonesia@ymail.com', 'RUKO PROMINANCE KAV. 38E  NO. 41, JL. JALUR SUTERA BOULEVARD, ALAM SUTERA, KEL. PANUNGGANGAN TIMUR, KEC. PINANG, TANGERANG', 'RUKO PROMINANCE KAV. 38E  NO. 41, JL. JALUR SUTERA BOULEVARD, ALAM SUTERA, KEL. PANUNGGANGAN TIMUR, KEC. PINANG, TANGERANG', 'TANGERANG'),
('DST025', 'PT UNOLAB MITRA PERSADA', '021 - 46821618', 'unolab@yahoo.com', 'JL. RAYA BEKASI KM.21 PTC BLOK 8-B NO.17, RT.002 RW.005 RAWA TERATE, CAKUNG, JAKARTA TIMUR 13920', 'JL. RAYA BEKASI KM.21 PTC BLOK 8-B NO.17, RT.002 RW.005 RAWA TERATE, CAKUNG, JAKARTA TIMUR 13920', 'JAKARTA'),
('DST026', 'PT WAHANA SAFETY INDONESIA', '021 - 63855111', 'marmi@wahanasafety.com', 'PUSAT NIAGA ROXY MAS BLOK C5 NO. 4 JL. KH HASYIM ASHARI 125 JAKARTA', 'GREEN SEDAYU BIZPARK JL. RAYA DAAN MOGOT BLOK DM-6 NO. 8', 'JAKARTA'),
('DST027', 'PT KING INDO SUKSES ABADI', '0852-6521-2660', 'elvi@kingindo.com', 'JALAN TUANKU TAMBUSAI KOMPLEK PERGUDANGAN NANGKA BLOK G NO.802 RT.003 RW.012DELIMA TAMPAN PEKANBARU 28291 INDONESIA', 'EXPEDISI CV USAHA BERLIAN JLN.TANJUNG PURA NO.99 RAWA BOKOR KALIDERES JAKARTA 14350', 'JAKARTA'),
('DST028', 'CV SINAR MAHAKAM LESTARI', '0541 - 4104142', 'sml@indo.net.id', 'PERGUDANGAN MANGKUPULAS CENTER BLOK D-18 JL. AMPERA RT 22 KEL. SIMPANG PASIR, MANGKUPULAS SAMARINDA SEBERANG, SAMARINDA, KALIMANTAN', 'EXPEDISI SUMBER REZEKI, DEPO KALIJAPAT / SPIL, JL. PLTU TANJUNG PRIOK JAKUT, PLTU MASUK / DEPAN RUKINDO', 'JAKARTA'),
('DST029', 'DINAMIS ARTA SUKSES', '085772015047', 'imam.secioria@mursmedic.com', 'JALAN PENGGILINGAN NO 39 KP PEDAENGAN CAKUNG', 'JALAN PENGGILINGAN NO 39 KP PEDAENGAN CAKUNG', 'JAKARTA TIMUR'),
('DST030', 'PT RITEL BERSAMA NASIONAL', '0813-3337-4809', 'Dewi.kartika@mursmedic.com', 'KAWASAN INDUSTRI CANDI BLOK 25 NO.7 JLN GATOT SUBROTO, BAMBANKEREP, NGALIYAN, KOTA SEMARANG. JAWA TENGAH', 'KAWASAN INDUSTRI CANDI BLOK 25 NO.7 JLN GATOT SUBROTO, BAMBANKEREP, NGALIYAN, KOTA SEMARANG. JAWA TENGAH', 'SEMARANG'),
('DST031', 'PT. Ritel Bersama Nasional', '0812-1917-5765', 'Dewi.kartika@mursmedic.com', 'KAWASAN INDUSTRI &PERGUDANGAN MARUNDA CENTER BLOK E8 NO.1. JLN. MARUNDA MAKMUR TARUMAJAYA, BEKASI 17112 GUDANG C', 'KAWASAN INDUSTRI &PERGUDANGAN MARUNDA CENTER BLOK E8 NO.1. JLN. MARUNDA MAKMUR TARUMAJAYA, BEKASI 17112 GUDANG C', 'Bekasi'),
('DST032', 'PT RITEL BERSAMA NASIONAL', '0878-5313-1980 ', 'dewi.kar5tika@mursmedic.com', 'JLN.RAYA BARENG III SIDOARJO, KRIAN SURABAYA JAWA TIMUR', 'JLN.RAYA BARENG III SIDOARJO, KRIAN SURABAYA JAWA TIMUR', 'Surabaya'),
('DST033', 'CV AMPUH', 'Pak Wahab : 081', 'dewi.kartika@mursmedic.com', 'JL. MENGGER GIRANG NO.9 RT.008 RW.009, PASIRLUYU, REGOL, BANDUNG, JAWA BARAT', 'Jalan Mengger Girang No.9 Rt.008/Rw.009 Pasir Luyu Regol Jawa Barat 40254', 'Bandung'),
('DST034', 'PT Surya Pangan Sejahtera', 'Supardi :0812-9', 'dewi.kartika@mursmedic.com', 'JL. CUT MUTIAH KM.8 NO.168 RT/RW:001/002 / BEKASI', 'JL. CUT MUTIAH KM.8 NO.168 RT/RW:001/002 / BEKASI', 'bekasi'),
('DST035', 'PT Sumber Pangan Sejahtera', 'Bu Lulu : 0838-', 'dewi.kartika@mursmedic.com', 'JL.PETA UTARA NO.189 002 RW 006 / 11830 JAKARTA BARAT', 'JL.PETA UTARA NO.189 RT.002 RW.006 Kel.Pegadungan Kec.Kalideres Jakarta Barat', 'Jakarta'),
('DST036', 'ANDY LIONO', 'Gudang : Boby 0', 'dewi.kartika@mursmedic.com', 'Pegambiran Residence Blok A VII No.2 Rt.006/RW.013 Pegambiran Lemahwungkuk Cirebon', 'UD Hikmat\r\nJalan Raya Mundu No.38 Kec.Mundu Kab. Cirebon 45173', 'Cirebon'),
('DST037', 'PT VARYATAMA GRAHA INDAH', 'Nani : 0813-306', 'dewi.kartika@mursmedic.com', 'JL. RAYA KARANGLO, PERGUDANGAN TANRISE / MALANG', 'Jalan Nambangan No.137. Kenjeran Surabaya', 'Surabaya'),
('DST038', 'PT DUTA DIGITAL NUSANTARA', 'Pak Mahmud : 08', 'dewi.kartika@mursmedic.com', 'JL. BENYAMIN SUAEB KAV A6 KEBUN KOSONG,KEMAYORAN JAKARTA PUSAT', 'Jl.Raya Tapos No.26, Cimpaeun, Tapos. Kota Depok Jawa Barat 16457', 'Depok'),
('DST039', 'PT MITRA MANGGALA SENTOSA', '0411-4731412', 'dewi.kartika@mursmedic.com', 'JL. KAPASA RAYA NO. 68, BIRA, TAMAN LAREA, MAKASSAR', 'JL. KAPASA RAYA NO. 68, BIRA, TAMAN LAREA, MAKASSAR', 'Makkasar'),
('DST040', 'PT INTI SEHAT MAJU JAYA', '061-4152328', 'pt.intisehatmajujaya@yahoo.com', 'JL. ABDULLAH LUBIS NO 11/23 MEDAN 20153', 'JL. ABDULLAH LUBIS NO 11/23 MEDAN 20153', 'Medan'),
('DST041', 'PT DELTA ANUGERAH INDONESIA', '08127654908', 'dewi.kartika@gmail.com', 'JL. RAPAK INDAH PERUM GRAHA BIDADARI HILL NO 131 RT 36, KARANG ASAM ULU, SUNGAI KUNJANG, SAMARINDA, KALIMANTAN TIMUR', 'JL. RAPAK INDAH PERUM GRAHA BIDADARI HILL NO 131 RT 36, KARANG ASAM ULU, SUNGAI KUNJANG, SAMARINDA, KALIMANTAN TIMUR', 'Samarinda'),
('DST042', 'PT KOTAMAKMUR LESTARI JAYA', 'Agung : 0812 53', 'dewi.kartika@mursmedic.com', 'JL. KUSUMA BANGSA NO.98 RT.07 RW.03, GUNUNG LINGKAS – TARAKAN TIMUR, KALIMANTAN UTARA', 'JL. KUSUMA BANGSA NO.98 RT.07 RW.03, GUNUNG LINGKAS – TARAKAN TIMUR, KALIMANTAN UTARA', 'Tarakan'),
('DST043', 'PT ANUGERAH PERDANA PERMAI', '08985349057', 'dewi.kartika@mursmedic.com', 'Jl. Letjend. Suprapto RT. 13 No. 31, BALIKPAPAN', 'Jl. Letjend. Suprapto RT. 13 No. 31, BALIKPAPAN', 'Balikpapan'),
('DST044', 'PT SERAYA MAKMUR PERDANA', 'Gudang : Irvan ', 'dewi.kartika@mursmedic.com', 'KOMP TUNAS BIZPARK INDUSTRIAL ESTATE TYPE 3A BELIAN BATAM KOTA BATAM KEPULAUAN RIAU', 'KOMP TUNAS BIZPARK INDUSTRIAL ESTATE TYPE 3A BELIAN BATAM KOTA BATAM KEPULAUAN RIAU', 'Riau'),
('DST045', 'CV JARI PERKASA', 'Pak Ahmad : 081', 'DEWI.KARTIKA@MURSMEDIC.COM', 'Jln. Sunia Negara No. 45 Lingkungan Pemogan, Kel Denpasar Selatan. Kota Denpasar -Bali', 'Jln. Sunia Negara No. 45 Lingkungan Pemogan, Kel Denpasar Selatan. Kota Denpasar -Bali', 'Bali'),
('DST046', 'PT Findo Primedhia Raya', 'Pak Asbon : 081', 'Dewi.kartika@mursmedic.com', 'Jln. Azizi Raya Ruko Petak VI Rt.003 Rw.008, Kel. Andalas Kec.Padang Timur', 'Jln. Azizi Raya Ruko Petak VI Rt.003 Rw.008, Kel. Andalas Kec.Padang Timur', 'PADANG'),
('DST047', 'PT SHOPEE INTERNASIONAL INDONESIA', 'telp: 021-8064-', 'dewi.kartika@mursmedic.com', 'Jalan Agung Karya 7 No. 1, Komplek Dunia Express Trasindo Gudang G Sunter Agung Tanjung Priok. Jakarta Utara', 'Jalan Agung Karya 7 No. 1, Komplek Dunia Express Trasindo Gudang G Sunter Agung Tanjung Priok. Jakarta Utara', 'Jakarta'),
('DST048', 'PT Wahyu Prima Jaya', 'Bu Tina : 0812 ', 'dewi.kartika@mursmedic.com', 'Jalan Raya Padaharja KM.5 Kramat Tegal Jawa Tengah', 'Jalan Raya Padaharja KM.5 Kramat Tegal Jawa Tengah', 'Tegal'),
('DST049', 'PT Wahyu Prima Jaya', 'Gudang : 0813-2', 'dewi.kartika@mursmedic.com', 'Jalan Sri Rahayu No.74. Jalan Wates KM.4 Pelem Gurih Gampi', 'Jalan Nyi Agengnis Omah Pilar Belakang', 'Yogyakarta'),
('DST050', 'PT EKA ARTHA BUANA', 'Ahmad : 0812-20', 'dewi.kartika@mursmedic.com', 'Jalan Raya Karanglo Pergudangan Tanrise K-Walk, Blok A 11 Rt.003/Rw.004 Dusun Karanglo Malang 65153 Indonesia', 'Pergudangan Tanrise K-Walk A-12 Rt.003/Rw.004 Desa Bnajararum Ke. Singosari Malang 65153 Indonesia', 'Malang'),
('DST051', '27	PT SATU WIGOLA INDONESIA', '021-722-6563', 'Purchasing@tororo.com', 'JALAN DAAN MOGOT KM 18 GREEN SEDAYU BIZPARK DM 5 NO 38 KALI DERES', 'Jalan Melawai X No.3/5 Kebayoran Baru Jakarta Selatan', 'Jakarta'),
('DST052', 'PT GLOBAL DIGITAL NIAGA', 'Raimi Noor : 08', 'Group-accpay@gdn-commerce.com', 'Jalan Budi Kemuliaan No.1 Rw/3 Kelurahan Gambir,Kecamatan Gambir Jkt Pusat  10110', 'Jalan Pembangunan 3 No.81 Karang sari, Neglasari, Kota Tangerang Banten 15121', 'Tangerang'),
('DST053', 'CV ANUGERAH NUSANTARA', 'Pak Wendy : 081', 'wsatria@anugrahnusantara.com', 'Jalan Arteri Supadio Komp. Pergudangan Parit Sembin No. C6 ( Sebrang Gedung Equator) Kab.Kubu Raya kalimantan Barat', 'Jalan Arteri Supadio Komp. Pergudangan Parit Sembin No. C6 ( Sebrang Gedung Equator) Kab.Kubu Raya kalimantan Barat', 'PONTIANAK'),
('DST054', 'PT KONEKSI NIAGA SOLUSINDO', 'NISA : 0856-978', 'dewi.kartika@mursmedic.com', 'GREEN OFFICE PARK I, SOUTH TOWER 3RD FLOOR ZONE 5-7 JL GRAND BOULERVARD, BSD GREEN BSD CITY, SAMPORA, CISAUK 15345 KAB. TANGERANG', 'Taman Tekno Blok D2 No.2 Bumi Serpong Damai Kec.Setu Tangerang BT 15314 Indonesia', 'Tangerang'),
('DST055', 'PT SUBUR PLUS', '021-6583-7801', 'dewi.kartika@mursmedic.com', 'Jalan Yos Sudarso ( Gudang Sanyo ) Kav.48 Blok E No.6', 'Jalan Yos Sudarso ( Gudang Sanyo ) Kav.48 Blok E No.6', 'KARAWANG');

-- --------------------------------------------------------

--
-- Struktur dari tabel `tb_ekspedisi`
--

CREATE TABLE `tb_ekspedisi` (
  `EI_ID` varchar(150) NOT NULL DEFAULT '-',
  `EI_NAME` varchar(150) NOT NULL DEFAULT '-',
  `EI_PHONE` varchar(15) NOT NULL DEFAULT '0',
  `EI_EMAIL` varchar(150) NOT NULL DEFAULT '-',
  `EI_ADDRESS` text NOT NULL
) ENGINE=InnoDB DEFAULT CHARSET=latin1;

--
-- Dumping data untuk tabel `tb_ekspedisi`
--

INSERT INTO `tb_ekspedisi` (`EI_ID`, `EI_NAME`, `EI_PHONE`, `EI_EMAIL`, `EI_ADDRESS`) VALUES
('EKS001', 'PT LANGLANG GLOBAL SUKSES', '021-8822-815', 'rudy@ptlgs', 'RUKO KALIMAS BLOK D NO.12A JALAN CHAIRIL ANWAR.BEKASI TIMUR. BEKASI 17113'),
('EKS002', 'CV CAHAYA TRANS LOGISTIC', '0821-2521-8732', 'edocikarang@yahoo.co.id', 'JALAN RAWA JAYA 4 HARAPAN JAYA BEKASI UTARA'),
('EKS003', 'PT POS INDONESIA (PERSERO)', '0267-402702', 'soviyan@posindonesia.co.id', 'KANTOR POS KARAWANG\r\nJL. ALUN-ALUN SELATAN NO.1 KARAWANG 41300'),
('EKS004', 'PT.SENTRA INDOLOGIS CIKARANG ( SIC )', '021 - 29088889', 'service@sic-logistics.com', 'TAMAN SENTOSA BLOK J7 NO.52 SUKARESMI CIKARANG'),
('EKS005', 'PT. Tenang Jaya', '+62 267 8631515', 'info@tenangjaya.co.id', 'JL. Raya Tarum Barat (TB) KM. 6-7\r\nKutamekar Ciampel Karawang');

-- --------------------------------------------------------

--
-- Struktur dari tabel `tb_forwarder`
--

CREATE TABLE `tb_forwarder` (
  `FR_ID` varchar(150) NOT NULL DEFAULT '-',
  `FR_NAME` varchar(150) NOT NULL DEFAULT '-',
  `FR_PHONE` varchar(15) NOT NULL DEFAULT '0',
  `FR_EMAIL` varchar(150) NOT NULL DEFAULT '-',
  `FR_ADDRESS` text NOT NULL
) ENGINE=InnoDB DEFAULT CHARSET=latin1;

--
-- Dumping data untuk tabel `tb_forwarder`
--

INSERT INTO `tb_forwarder` (`FR_ID`, `FR_NAME`, `FR_PHONE`, `FR_EMAIL`, `FR_ADDRESS`) VALUES
('FWD001', 'PT. AGX LOGISTIC INDONESIA (SEA)', '021 - 55911745', 'iis.jkt@agxindonesia.com', 'Wisma Soewarna Suite 1 Q, Taman Niaga Soewarna Blok E Lot 1 & 2, Bandar Udara International Soekarno-Hatta. Jakarta 19110 - Indonesia '),
('FWD002', 'PT. AGX LOGISTIC INDONESIA (AIR)', '021 55911745', 'shanty.jkt@agxindonesia.com', 'Wisma Soewarna Suite 1 Q, Taman Niaga Soewarna Blok E Lot 1 & 2, Bandar Udara International Soekarno-Hatta. Jakarta 19110 - Indonesia '),
('FWD003', 'PT. ESA MASSINDO INTERNATIONAL', '021 - 29280731', 'adi.purnomo@emilogistics.co.id', 'Jalan Lingkar Utara Luar No. 07, Kota Bekasi – Jawa Barat, Indonesia'),
('FWD004', 'PT. DANKE LOGISTIK INDONESIA', '021 - 56959989', 'kusnadi@danke.asia', 'City Resort Ruko Hawaii Blok A 56 Jalan Hawaiian City II, Cengkareng Jakarta Barat 11730'),
('FWD005', 'PT. LOGWIN AIR & OCEAN INDONESIA', '021 - 55911741', 'Deni.Wahyudi@logwin-logistics.com', 'Taman Niaga Soewarna BTS - Blok J Lot 10\r\nSoekarno - Hatta International Airport \r\nCengkareng  - Indonesia 15126'),
('FWD006', 'PT. GEODIS WILSON INDONESIA', '021 - 71794999', 'irda.sophiya@geodis.com', 'Plaza City View 5th Floor Jl. Kemang Timur No. 22 – Jakarta Selatan – 12510 – Indonesia'),
('FWD007', 'PT DHL GLOBAL FORWARDING INDONESIA', '021 - 71794999', 'alinda.shintami@dhl.com', 'Plaza City View 5th Floor Jl. Kemang Timur No. 22 – Jakarta Selatan – 12510 – Indonesia'),
('FWD008', 'PT. SCHENKER PETROLOG UTAMA', '021 - 55912799', 'rahmawati@dbschenker.com', 'Soewarna Business Park Kav J Lot 1, Jakarta International Airport, Indonesia'),
('FWD009', 'EXPEDITORS INDONESIA', '021- 56948660', 'Yuda.Yuda@expeditors.com', 'Gedung Graha Indochem, 5th Floor\r\nJl. Pantai Indah Kapuk Boulevard Kav. SSB/E\r\nJakarta 14470, Indonesia'),
('FWD010', 'PT. PANAH PERDANA LOGISINDO ', '021 - 29866160', 'khrisna.murti@hartrodt.id', 'Dipo Tower Building 15th Floor\r\nJl. Jend. Gatot Subroto Kav 51 – 52\r\nJakarta Pusat 10260');

-- --------------------------------------------------------

--
-- Struktur dari tabel `tb_grant`
--

CREATE TABLE `tb_grant` (
  `GT_ID` varchar(150) NOT NULL DEFAULT '-'
) ENGINE=InnoDB DEFAULT CHARSET=latin1;

--
-- Dumping data untuk tabel `tb_grant`
--

INSERT INTO `tb_grant` (`GT_ID`) VALUES
('ADMIN'),
('SUPERVISOR'),
('USER');

-- --------------------------------------------------------

--
-- Struktur dari tabel `tb_log`
--

CREATE TABLE `tb_log` (
  `LG_ID` varchar(20) NOT NULL DEFAULT '-',
  `UR_ID` varchar(150) NOT NULL DEFAULT '-',
  `LG_DESC` text NOT NULL,
  `LG_DATE` datetime NOT NULL
) ENGINE=InnoDB DEFAULT CHARSET=latin1;

--
-- Dumping data untuk tabel `tb_log`
--

INSERT INTO `tb_log` (`LG_ID`, `UR_ID`, `LG_DESC`, `LG_DATE`) VALUES
('1902210931561804450', 'ADMIN', 'INSERT PRODUCT OUTBOUND', '2019-02-21 09:31:56'),
('1902210932486044662', 'ADMIN', 'INSERT PRODUCT OUTBOUND', '2019-02-21 09:32:48'),
('1902210933151979987', 'ADMIN', 'DELETE OUTBOUND DATA', '2019-02-21 09:33:15'),
('1902210946078623823', 'ADMIN', 'INSERT PRODUCT OUTBOUND', '2019-02-21 09:46:07'),
('1902211001032374641', 'ADMIN', 'INSERT PRODUCT OUTBOUND', '2019-02-21 10:01:03'),
('1902211021476026192', 'ADMIN', 'INSERT PRODUCT OUTBOUND', '2019-02-21 10:21:47'),
('1902211025154394556', 'ADMIN', 'INSERT PRODUCT OUTBOUND', '2019-02-21 10:25:15'),
('1902211026049290094', 'ADMIN', 'INSERT PRODUCT OUTBOUND', '2019-02-21 10:26:04'),
('1902211028182331238', 'ADMIN', 'INSERT PRODUCT OUTBOUND', '2019-02-21 10:28:18'),
('1902211034162738143', 'ADMIN', 'INSERT PRODUCT OUTBOUND', '2019-02-21 10:34:16'),
('1902211035171155853', 'ADMIN', 'INSERT PRODUCT OUTBOUND', '2019-02-21 10:35:17'),
('1902211038326668581', 'ADMIN', 'INSERT PRODUCT OUTBOUND', '2019-02-21 10:38:32'),
('1902211039248728048', 'ADMIN', 'INSERT PRODUCT OUTBOUND', '2019-02-21 10:39:24'),
('1902211040085069137', 'ADMIN', 'DELETE OUTBOUND DATA', '2019-02-21 10:40:08'),
('1902211040144830942', 'ADMIN', 'DELETE OUTBOUND DATA', '2019-02-21 10:40:14'),
('1902211040209831590', 'ADMIN', 'DELETE OUTBOUND DATA', '2019-02-21 10:40:20'),
('1902211051516510463', 'ADMIN', 'INSERT PRODUCT OUTBOUND', '2019-02-21 10:51:51'),
('1902211052283680855', 'ADMIN', 'INSERT PRODUCT OUTBOUND', '2019-02-21 10:52:28'),
('1902211518339839635', 'ADMIN', 'INSERT PRODUCT INBOUND', '2019-02-21 15:18:33'),
('1902211518461341626', 'ADMIN', 'INSERT PRODUCT INBOUND DETAIL', '2019-02-21 15:18:46'),
('1902211518563792073', 'ADMIN', 'APPROVE INBOUND DATA', '2019-02-21 15:18:56'),
('1902211521121251058', 'ADMIN', 'INSERT PRODUCT INBOUND', '2019-02-21 15:21:12'),
('1902211521218125565', 'ADMIN', 'INSERT PRODUCT INBOUND DETAIL', '2019-02-21 15:21:21'),
('1902211522501364113', 'ADMIN', 'APPROVE INBOUND DATA', '2019-02-21 15:22:50'),
('1902211523118300747', 'ADMIN', 'INSERT PRODUCT INBOUND', '2019-02-21 15:23:11'),
('1902211523175104495', 'ADMIN', 'INSERT PRODUCT INBOUND DETAIL', '2019-02-21 15:23:17'),
('1902211523285974921', 'ADMIN', 'APPROVE INBOUND DATA', '2019-02-21 15:23:28'),
('1902211524411454250', 'ADMIN', 'INSERT PRODUCT INBOUND', '2019-02-21 15:24:41'),
('1902211524461971067', 'ADMIN', 'INSERT PRODUCT INBOUND DETAIL', '2019-02-21 15:24:46'),
('1902211524521408136', 'ADMIN', 'APPROVE INBOUND DATA', '2019-02-21 15:24:52'),
('1902211528468288066', 'ADMIN', 'INSERT PRODUCT INBOUND', '2019-02-21 15:28:46'),
('1902211528515497478', 'ADMIN', 'INSERT PRODUCT INBOUND DETAIL', '2019-02-21 15:28:51'),
('1902211528597276752', 'ADMIN', 'APPROVE INBOUND DATA', '2019-02-21 15:28:59'),
('1902211532576653973', 'ADMIN', 'INSERT PRODUCT OUTBOUND DETAIL', '2019-02-21 15:32:57'),
('1902211533232405527', 'ADMIN', 'APPROVE OUTBOUND DATA', '2019-02-21 15:33:23'),
('1902211546082649766', 'ADMIN', 'INSERT PRODUCT OUTBOUND DETAIL', '2019-02-21 15:46:08'),
('1902211546176233412', 'ADMIN', 'APPROVE OUTBOUND DATA', '2019-02-21 15:46:17'),
('1902211601069782764', 'ADMIN', 'INSERT PRODUCT OUTBOUND DETAIL', '2019-02-21 16:01:06'),
('1902211639279003958', 'ADMIN', 'INSERT PRODUCT OUTBOUND DETAIL', '2019-02-21 16:39:27'),
('1902220314383730466', 'ADMIN', 'INSERT PRODUCT OUTBOUND', '2019-02-22 03:14:38'),
('1902220355328815994', 'ADMIN', 'INSERT PRODUCT OUTBOUND', '2019-02-22 03:55:32'),
('1902220430466909919', 'ADMIN', 'DELETE INBOUND DATA', '2019-02-22 04:30:46'),
('1902220454116657116', 'ADMIN', 'INSERT PRODUCT OUTBOUND', '2019-02-22 04:54:11'),
('1902220455373165443', 'ADMIN', 'INSERT PRODUCT OUTBOUND', '2019-02-22 04:55:37'),
('1902220456349865718', 'ADMIN', 'INSERT PRODUCT OUTBOUND', '2019-02-22 04:56:34'),
('1902220457075964684', 'ADMIN', 'INSERT PRODUCT OUTBOUND', '2019-02-22 04:57:07'),
('1902220459364078474', 'ADMIN', 'INSERT PRODUCT OUTBOUND', '2019-02-22 04:59:36'),
('1902220501024589249', 'ADMIN', 'INSERT PRODUCT OUTBOUND', '2019-02-22 05:01:02'),
('1902220503443371081', 'ADMIN', 'INSERT PRODUCT OUTBOUND', '2019-02-22 05:03:44'),
('1902220510393280944', 'ADMIN', 'INSERT PRODUCT OUTBOUND', '2019-02-22 05:10:39'),
('1902220512329963369', 'ADMIN', 'INSERT PRODUCT OUTBOUND', '2019-02-22 05:12:32'),
('1902220518037027711', 'ADMIN', 'LOGOUT', '2019-02-22 05:18:03'),
('1902220522206676626', 'ADMIN', 'LOGOUT', '2019-02-22 05:22:20'),
('1902220526321984890', 'ADMIN', 'INSERT PRODUCT OUTBOUND', '2019-02-22 05:26:32'),
('1902220913534227419', 'ADMIN', 'LOGIN', '2019-02-22 09:13:53'),
('1902220918002556652', 'ADMIN', 'INSERT PRODUCT OUTBOUND DETAIL', '2019-02-22 09:18:00'),
('1902220955337698530', 'ADMIN', 'INSERT PRODUCT OUTBOUND DETAIL', '2019-02-22 09:55:33'),
('1902221018204267579', 'ADMIN', 'INSERT PRODUCT INBOUND', '2019-02-22 10:18:20'),
('1902221018251916454', 'ADMIN', 'INSERT PRODUCT INBOUND DETAIL', '2019-02-22 10:18:25'),
('1902221018327475042', 'ADMIN', 'APPROVE INBOUND DATA', '2019-02-22 10:18:32'),
('1902221019497973920', 'ADMIN', 'INSERT PRODUCT INBOUND', '2019-02-22 10:19:49'),
('1902221019539669089', 'ADMIN', 'INSERT PRODUCT INBOUND DETAIL', '2019-02-22 10:19:53'),
('1902221020006645219', 'ADMIN', 'APPROVE INBOUND DATA', '2019-02-22 10:20:00'),
('1902221022071359830', 'ADMIN', 'INSERT PRODUCT INBOUND', '2019-02-22 10:22:07'),
('1902221022127323652', 'ADMIN', 'INSERT PRODUCT INBOUND DETAIL', '2019-02-22 10:22:12'),
('1902221027008764191', 'ADMIN', 'APPROVE INBOUND DATA', '2019-02-22 10:27:00'),
('1902221029345738651', 'ADMIN', 'INSERT PRODUCT INBOUND', '2019-02-22 10:29:34'),
('1902221029396652568', 'ADMIN', 'INSERT PRODUCT INBOUND DETAIL', '2019-02-22 10:29:39'),
('1902221031012080626', 'ADMIN', 'INSERT PRODUCT INBOUND', '2019-02-22 10:31:01'),
('1902221031052956563', 'ADMIN', 'INSERT PRODUCT INBOUND DETAIL', '2019-02-22 10:31:05'),
('1902221031281484085', 'ADMIN', 'APPROVE INBOUND DATA', '2019-02-22 10:31:28'),
('1902221034455002728', 'ADMIN', 'INSERT PRODUCT INBOUND', '2019-02-22 10:34:45'),
('1902221034495648513', 'ADMIN', 'INSERT PRODUCT INBOUND DETAIL', '2019-02-22 10:34:49'),
('1902221034562768078', 'ADMIN', 'APPROVE INBOUND DATA', '2019-02-22 10:34:56'),
('1902221043016563316', 'ADMIN', 'INSERT PRODUCT INBOUND', '2019-02-22 10:43:01'),
('1902221043063623099', 'ADMIN', 'INSERT PRODUCT INBOUND DETAIL', '2019-02-22 10:43:06'),
('1902221043125338840', 'ADMIN', 'APPROVE INBOUND DATA', '2019-02-22 10:43:12'),
('1902221053431553838', 'ADMIN', 'INSERT PRODUCT INBOUND', '2019-02-22 10:53:43'),
('1902221053463043888', 'ADMIN', 'INSERT PRODUCT INBOUND DETAIL', '2019-02-22 10:53:46'),
('1902221053543569371', 'ADMIN', 'APPROVE INBOUND DATA', '2019-02-22 10:53:54'),
('1902221054146015081', 'ADMIN', 'INSERT PRODUCT OUTBOUND DETAIL', '2019-02-22 10:54:14'),
('1902221101234874965', 'ADMIN', 'INSERT PRODUCT OUTBOUND DETAIL', '2019-02-22 11:01:23'),
('1902221103458894311', 'ADMIN', 'INSERT PRODUCT OUTBOUND DETAIL', '2019-02-22 11:03:45'),
('1902221106448325426', 'ADMIN', 'APPROVE OUTBOUND DATA', '2019-02-22 11:06:44'),
('1902221110415622884', 'ADMIN', 'INSERT PRODUCT OUTBOUND DETAIL', '2019-02-22 11:10:41'),
('1902221110512622022', 'ADMIN', 'APPROVE OUTBOUND DATA', '2019-02-22 11:10:51'),
('1902221111456392670', 'ADMIN', 'INSERT PRODUCT INBOUND', '2019-02-22 11:11:45'),
('1902221111503770372', 'ADMIN', 'INSERT PRODUCT INBOUND DETAIL', '2019-02-22 11:11:50'),
('1902221111599128124', 'ADMIN', 'APPROVE INBOUND DATA', '2019-02-22 11:11:59'),
('1902221112359915950', 'ADMIN', 'INSERT PRODUCT OUTBOUND DETAIL', '2019-02-22 11:12:35'),
('1902221112422570574', 'ADMIN', 'APPROVE OUTBOUND DATA', '2019-02-22 11:12:42'),
('1902221118223612774', 'ADMIN', 'LOGIN', '2019-02-22 11:18:22'),
('1902221122453182762', 'ADMIN', 'LOGIN', '2019-02-22 11:22:45'),
('1902221125033578290', 'ADMIN', 'INSERT PRODUCT INBOUND', '2019-02-22 11:25:03'),
('1902221125126288546', 'ADMIN', 'INSERT PRODUCT INBOUND DETAIL', '2019-02-22 11:25:12'),
('1902221125327334597', 'ADMIN', 'APPROVE INBOUND DATA', '2019-02-22 11:25:32'),
('1902221126349893197', 'ADMIN', 'INSERT PRODUCT OUTBOUND DETAIL', '2019-02-22 11:26:34'),
('1902221127007899531', 'ADMIN', 'APPROVE OUTBOUND DATA', '2019-02-22 11:27:00'),
('1902221501432690192', 'ADMIN', 'INSERT PRODUCT INBOUND', '2019-02-22 15:01:43'),
('1902221501517717875', 'ADMIN', 'INSERT PRODUCT INBOUND DETAIL', '2019-02-22 15:01:51'),
('1902221501592167952', 'ADMIN', 'APPROVE INBOUND DATA', '2019-02-22 15:01:59'),
('1902221504041631978', 'ADMIN', 'INSERT PRODUCT INBOUND', '2019-02-22 15:04:04'),
('1902221504087809583', 'ADMIN', 'INSERT PRODUCT INBOUND DETAIL', '2019-02-22 15:04:08'),
('1902221504148776519', 'ADMIN', 'APPROVE INBOUND DATA', '2019-02-22 15:04:14'),
('1902221509534108321', 'ADMIN', 'INSERT PRODUCT INBOUND', '2019-02-22 15:09:53'),
('1902221514088314315', 'ADMIN', 'INSERT PRODUCT INBOUND DETAIL', '2019-02-22 15:14:08'),
('1902221515002665159', 'ADMIN', 'INSERT PRODUCT INBOUND', '2019-02-22 15:15:00'),
('1902221515044727072', 'ADMIN', 'INSERT PRODUCT INBOUND DETAIL', '2019-02-22 15:15:04'),
('1902221518214485999', 'ADMIN', 'INSERT PRODUCT INBOUND', '2019-02-22 15:18:21'),
('1902221518286741565', 'ADMIN', 'INSERT PRODUCT INBOUND DETAIL', '2019-02-22 15:18:28'),
('1902221519334098085', 'ADMIN', 'INSERT PRODUCT INBOUND', '2019-02-22 15:19:33'),
('1902221520308956173', 'ADMIN', 'INSERT PRODUCT INBOUND DETAIL', '2019-02-22 15:20:30'),
('1902221522193834336', 'ADMIN', 'INSERT PRODUCT INBOUND', '2019-02-22 15:22:19'),
('1902221522238268290', 'ADMIN', 'INSERT PRODUCT INBOUND DETAIL', '2019-02-22 15:22:23'),
('1902221524382634892', 'ADMIN', 'INSERT PRODUCT INBOUND', '2019-02-22 15:24:38'),
('1902221535582976338', 'ADMIN', 'INSERT PRODUCT INBOUND', '2019-02-22 15:35:58'),
('1902221536027595711', 'ADMIN', 'INSERT PRODUCT INBOUND DETAIL', '2019-02-22 15:36:02'),
('1902221536109889866', 'ADMIN', 'APPROVE INBOUND DATA', '2019-02-22 15:36:10'),
('1902221542024245878', 'ADMIN', 'INSERT PRODUCT INBOUND', '2019-02-22 15:42:02'),
('1902221542078936397', 'ADMIN', 'INSERT PRODUCT INBOUND DETAIL', '2019-02-22 15:42:07'),
('1902221544067194583', 'ADMIN', 'INSERT PRODUCT INBOUND', '2019-02-22 15:44:06'),
('1902221549117922638', 'ADMIN', 'INSERT PRODUCT INBOUND', '2019-02-22 15:49:11'),
('1902221554316018323', 'ADMIN', 'INSERT PRODUCT INBOUND', '2019-02-22 15:54:31'),
('1902221627107103141', 'ADMIN', 'INSERT PRODUCT INBOUND DETAIL', '2019-02-22 16:27:10'),
('1902221627326883935', 'ADMIN', 'INSERT PRODUCT INBOUND', '2019-02-22 16:27:32'),
('1902221627364293043', 'ADMIN', 'INSERT PRODUCT INBOUND DETAIL', '2019-02-22 16:27:36'),
('1902221647036297731', 'ADMIN', 'APPROVE INBOUND DATA', '2019-02-22 16:47:03'),
('1902221647232827660', 'ADMIN', 'INSERT PRODUCT INBOUND', '2019-02-22 16:47:23'),
('1902221647285194444', 'ADMIN', 'INSERT PRODUCT INBOUND DETAIL', '2019-02-22 16:47:28'),
('1902221647355322826', 'ADMIN', 'APPROVE INBOUND DATA', '2019-02-22 16:47:35'),
('1902221648058974898', 'ADMIN', 'INSERT PRODUCT INBOUND', '2019-02-22 16:48:05'),
('1902221648126137421', 'ADMIN', 'INSERT PRODUCT INBOUND DETAIL', '2019-02-22 16:48:12'),
('1902221648207598157', 'ADMIN', 'APPROVE INBOUND DATA', '2019-02-22 16:48:20'),
('1902221650361931682', 'ADMIN', 'INSERT PRODUCT INBOUND', '2019-02-22 16:50:36'),
('1902221650404427634', 'ADMIN', 'INSERT PRODUCT INBOUND DETAIL', '2019-02-22 16:50:40'),
('1902221651211719835', 'ADMIN', 'APPROVE INBOUND DATA', '2019-02-22 16:51:21'),
('1902250428283001537', 'ADMIN', 'INSERT PRODUCT OUTBOUND', '2019-02-25 04:28:28'),
('1902250434586079665', 'ADMIN', 'INSERT PRODUCT OUTBOUND', '2019-02-25 04:34:58'),
('1902250914592244167', 'ADMIN', 'LOGIN', '2019-02-25 09:14:59'),
('1902251013328376797', 'ADMIN', 'INSERT PRODUCT INBOUND', '2019-02-25 10:13:32'),
('1902251013361464055', 'ADMIN', 'INSERT PRODUCT INBOUND DETAIL', '2019-02-25 10:13:36'),
('1902251013438666961', 'ADMIN', 'APPROVE INBOUND DATA', '2019-02-25 10:13:43'),
('1902251028303023593', 'ADMIN', 'INSERT PRODUCT OUTBOUND DETAIL', '2019-02-25 10:28:30'),
('1902251028406372640', 'ADMIN', 'APPROVE OUTBOUND DATA', '2019-02-25 10:28:40'),
('1902251029039628043', 'ADMIN', 'INSERT PRODUCT INBOUND', '2019-02-25 10:29:03'),
('1902251029099668569', 'ADMIN', 'INSERT PRODUCT INBOUND DETAIL', '2019-02-25 10:29:09'),
('1902251029162855049', 'ADMIN', 'APPROVE INBOUND DATA', '2019-02-25 10:29:16'),
('1902251030245018995', 'ADMIN', 'INSERT PRODUCT INBOUND', '2019-02-25 10:30:24'),
('1902251030304419235', 'ADMIN', 'INSERT PRODUCT INBOUND DETAIL', '2019-02-25 10:30:30'),
('1902251030364039188', 'ADMIN', 'APPROVE INBOUND DATA', '2019-02-25 10:30:36'),
('1902251036096930669', 'ADMIN', 'INSERT PRODUCT OUTBOUND DETAIL', '2019-02-25 10:36:09'),
('1902251037081357639', 'ADMIN', 'APPROVE OUTBOUND DATA', '2019-02-25 10:37:08'),
('1903061138209980168', 'ADMIN', 'LOGIN', '2019-03-06 11:38:20'),
('1903271520522147821', 'ADMIN', 'INSERT PRODUCT OUTBOUND', '2019-03-27 15:20:52'),
('1903271522441391071', 'ADMIN', 'INSERT PRODUCT OUTBOUND', '2019-03-27 15:22:44'),
('1903271526215577721', 'ADMIN', 'INSERT PRODUCT OUTBOUND', '2019-03-27 15:26:21'),
('1903271527111826151', 'ADMIN', 'INSERT PRODUCT OUTBOUND', '2019-03-27 15:27:11'),
('1903271528089198651', 'ADMIN', 'INSERT PRODUCT OUTBOUND', '2019-03-27 15:28:08'),
('1903271528429098543', 'ADMIN', 'DELETE OUTBOUND DATA', '2019-03-27 15:28:42'),
('1903271528494402956', 'ADMIN', 'DELETE OUTBOUND DATA', '2019-03-27 15:28:49'),
('1903271528575050147', 'ADMIN', 'DELETE OUTBOUND DATA', '2019-03-27 15:28:57'),
('1903271529033852895', 'ADMIN', 'DELETE OUTBOUND DATA', '2019-03-27 15:29:03'),
('1903271531507830499', 'ADMIN', 'INSERT PRODUCT OUTBOUND', '2019-03-27 15:31:50'),
('1903271534576675840', 'ADMIN', 'INSERT PRODUCT OUTBOUND', '2019-03-27 15:34:57'),
('1903271602488457560', 'ADMIN', 'INSERT PRODUCT OUTBOUND', '2019-03-27 16:02:48'),
('1903271604475025215', 'ADMIN', 'INSERT PRODUCT OUTBOUND', '2019-03-27 16:04:47'),
('1903271606261328324', 'ADMIN', 'INSERT PRODUCT OUTBOUND', '2019-03-27 16:06:26'),
('1903271608239471585', 'ADMIN', 'INSERT PRODUCT OUTBOUND', '2019-03-27 16:08:23'),
('1903271620028507791', 'ADMIN', 'INSERT PRODUCT OUTBOUND', '2019-03-27 16:20:02'),
('1903271621255205389', 'ADMIN', 'INSERT PRODUCT OUTBOUND', '2019-03-27 16:21:25'),
('1903271622084988894', 'ADMIN', 'INSERT PRODUCT OUTBOUND', '2019-03-27 16:22:08'),
('1903271629363974870', 'ADMIN', 'INSERT PRODUCT OUTBOUND', '2019-03-27 16:29:36'),
('1903271638592187462', 'ADMIN', 'INSERT PRODUCT OUTBOUND', '2019-03-27 16:38:59'),
('1903271640585991454', 'ADMIN', 'INSERT PRODUCT OUTBOUND', '2019-03-27 16:40:58'),
('1903271641528627320', 'ADMIN', 'INSERT PRODUCT OUTBOUND', '2019-03-27 16:41:52'),
('1903271644233049056', 'ADMIN', 'INSERT PRODUCT OUTBOUND', '2019-03-27 16:44:23'),
('1903271656494711058', 'ADMIN', 'INSERT PRODUCT OUTBOUND', '2019-03-27 16:56:49'),
('1903271712238260676', 'ADMIN', 'INSERT PRODUCT OUTBOUND', '2019-03-27 17:12:23'),
('1903271715323370461', 'ADMIN', 'INSERT PRODUCT OUTBOUND', '2019-03-27 17:15:32'),
('1903271716158975163', 'ADMIN', 'INSERT PRODUCT OUTBOUND', '2019-03-27 17:16:15'),
('1903272115315665667', 'ADMIN', 'LOGIN', '2019-03-27 21:15:31'),
('1903272128261602398', 'ADMIN', 'INSERT PRODUCT OUTBOUND DETAIL', '2019-03-27 21:28:26'),
('1903272129146678817', 'ADMIN', 'APPROVE OUTBOUND DATA', '2019-03-27 21:29:14'),
('1903272131158699873', 'ADMIN', 'INSERT PRODUCT INBOUND', '2019-03-27 21:31:15'),
('1903272131222838516', 'ADMIN', 'INSERT PRODUCT INBOUND DETAIL', '2019-03-27 21:31:22'),
('1903272131312278916', 'ADMIN', 'APPROVE INBOUND DATA', '2019-03-27 21:31:31'),
('1903272131524804438', 'ADMIN', 'INSERT PRODUCT OUTBOUND DETAIL', '2019-03-27 21:31:52'),
('1903272132166790921', 'ADMIN', 'APPROVE OUTBOUND DATA', '2019-03-27 21:32:16'),
('1903272134595490130', 'ADMIN', 'INSERT PRODUCT OUTBOUND DETAIL', '2019-03-27 21:34:59'),
('1903272135131883996', 'ADMIN', 'APPROVE OUTBOUND DATA', '2019-03-27 21:35:13'),
('1903272203513061738', 'ADMIN', 'INSERT PRODUCT OUTBOUND DETAIL', '2019-03-27 22:03:51'),
('1903272205104244217', 'ADMIN', 'INSERT PRODUCT OUTBOUND DETAIL', '2019-03-27 22:05:10'),
('1903272205405549380', 'ADMIN', 'APPROVE OUTBOUND DATA', '2019-03-27 22:05:40'),
('1903272206283181976', 'ADMIN', 'INSERT PRODUCT OUTBOUND DETAIL', '2019-03-27 22:06:28'),
('1903272206409708120', 'ADMIN', 'APPROVE OUTBOUND DATA', '2019-03-27 22:06:40'),
('1903272208258248945', 'ADMIN', 'INSERT PRODUCT OUTBOUND DETAIL', '2019-03-27 22:08:25'),
('1903272208388127922', 'ADMIN', 'APPROVE OUTBOUND DATA', '2019-03-27 22:08:38'),
('1903272224044494399', 'ADMIN', 'INSERT PRODUCT INBOUND', '2019-03-27 22:24:04'),
('1903272224129083316', 'ADMIN', 'INSERT PRODUCT INBOUND DETAIL', '2019-03-27 22:24:12'),
('1903272224221448042', 'ADMIN', 'APPROVE INBOUND DATA', '2019-03-27 22:24:22'),
('1903272239056142844', 'ADMIN', 'INSERT PRODUCT OUTBOUND DETAIL', '2019-03-27 22:39:05'),
('1903272239207315252', 'ADMIN', 'APPROVE OUTBOUND DATA', '2019-03-27 22:39:20'),
('1903272241006519028', 'ADMIN', 'INSERT PRODUCT OUTBOUND DETAIL', '2019-03-27 22:41:00'),
('1903272241119681516', 'ADMIN', 'APPROVE OUTBOUND DATA', '2019-03-27 22:41:11'),
('1903272241575642660', 'ADMIN', 'INSERT PRODUCT OUTBOUND DETAIL', '2019-03-27 22:41:57'),
('1903272242105295171', 'ADMIN', 'APPROVE OUTBOUND DATA', '2019-03-27 22:42:10'),
('1903272244249808228', 'ADMIN', 'INSERT PRODUCT OUTBOUND DETAIL', '2019-03-27 22:44:24'),
('1903272244363879930', 'ADMIN', 'APPROVE OUTBOUND DATA', '2019-03-27 22:44:36'),
('1903272257248415728', 'ADMIN', 'INSERT PRODUCT OUTBOUND DETAIL', '2019-03-27 22:57:24'),
('1903272257555293511', 'ADMIN', 'APPROVE OUTBOUND DATA', '2019-03-27 22:57:55'),
('1903272312255492841', 'ADMIN', 'INSERT PRODUCT OUTBOUND DETAIL', '2019-03-27 23:12:25'),
('1903272313509642750', 'ADMIN', 'APPROVE OUTBOUND DATA', '2019-03-27 23:13:50'),
('1903272315357750167', 'ADMIN', 'INSERT PRODUCT OUTBOUND DETAIL', '2019-03-27 23:15:35'),
('1903272315438842243', 'ADMIN', 'APPROVE OUTBOUND DATA', '2019-03-27 23:15:43'),
('1903272316171300769', 'ADMIN', 'INSERT PRODUCT OUTBOUND DETAIL', '2019-03-27 23:16:17'),
('1903272316276765623', 'ADMIN', 'APPROVE OUTBOUND DATA', '2019-03-27 23:16:27'),
('1903280519242150013', 'ADMIN', 'INSERT PRODUCT OUTBOUND', '2019-03-28 05:19:24'),
('1903281018228428079', 'ADMIN', 'LOGIN', '2019-03-28 10:18:22'),
('1903281119267192658', 'ADMIN', 'INSERT PRODUCT OUTBOUND DETAIL', '2019-03-28 11:19:26'),
('1903281155385198040', 'ADMIN', 'INSERT PRODUCT OUTBOUND', '2019-03-28 11:55:38'),
('1903281155398673789', 'ADMIN', 'INSERT PRODUCT OUTBOUND DETAIL', '2019-03-28 11:55:39'),
('1903281205018367523', 'ADMIN', 'APPROVE OUTBOUND DATA', '2019-03-28 12:05:01'),
('1903281234391742842', 'ADMIN', 'INSERT PRODUCT INBOUND', '2019-03-28 12:34:39'),
('1903281234436244092', 'ADMIN', 'INSERT PRODUCT INBOUND DETAIL', '2019-03-28 12:34:43'),
('1903281235164321218', 'ADMIN', 'APPROVE INBOUND DATA', '2019-03-28 12:35:16'),
('1904021708005766560', 'RIANI', 'LOGIN', '2019-04-02 17:08:00'),
('1904081654326800361', 'ADMIN', 'LOGIN', '2019-04-08 16:54:32'),
('1904081713256917367', 'ADMIN', 'INSERT PRODUCT OUTBOUND', '2019-04-08 17:13:25'),
('1904081713287995091', 'ADMIN', 'INSERT PRODUCT OUTBOUND DETAIL', '2019-04-08 17:13:28'),
('1904081713453196849', 'ADMIN', 'APPROVE OUTBOUND DATA', '2019-04-08 17:13:45'),
('1904081718023398471', 'ADMIN', 'INSERT PRODUCT INBOUND', '2019-04-08 17:18:02'),
('1904081718078898948', 'ADMIN', 'INSERT PRODUCT INBOUND DETAIL', '2019-04-08 17:18:07'),
('1904081718191827722', 'ADMIN', 'APPROVE INBOUND DATA', '2019-04-08 17:18:19'),
('1904081719103688989', 'ADMIN', 'INSERT PRODUCT OUTBOUND', '2019-04-08 17:19:10'),
('1904081719123843355', 'ADMIN', 'INSERT PRODUCT OUTBOUND DETAIL', '2019-04-08 17:19:12'),
('1904081719224207023', 'ADMIN', 'APPROVE OUTBOUND DATA', '2019-04-08 17:19:22'),
('1904082000588769525', 'ADMIN', 'LOGIN', '2019-04-08 20:00:58'),
('1904082001329147469', 'ADMIN', 'INSERT PRODUCT INBOUND', '2019-04-08 20:01:32'),
('1904082001385442799', 'ADMIN', 'INSERT PRODUCT INBOUND DETAIL', '2019-04-08 20:01:38'),
('1904082002025198295', 'ADMIN', 'APPROVE INBOUND DATA', '2019-04-08 20:02:02'),
('1904101143181274165', 'RIANI', 'LOGIN', '2019-04-10 11:43:18'),
('1904121657123199395', 'RIANI', 'LOGIN', '2019-04-12 16:57:12'),
('1904121715502718367', 'RIANI', 'INSERT PRODUCT INBOUND', '2019-04-12 17:15:50'),
('1904121715551303746', 'RIANI', 'INSERT PRODUCT INBOUND DETAIL', '2019-04-12 17:15:55'),
('1904121716578898328', 'RIANI', 'INSERT RACK', '2019-04-12 17:16:57'),
('1904121718136677511', 'RIANI', 'INSERT RACK', '2019-04-12 17:18:13'),
('1904121718582470986', 'RIANI', 'INSERT RACK', '2019-04-12 17:18:58'),
('1904121719175278538', 'RIANI', 'APPROVE INBOUND DATA', '2019-04-12 17:19:17'),
('1904121724033779037', 'RIANI', 'INSERT PRODUCT OUTBOUND', '2019-04-12 17:24:03'),
('1904230938524188387', 'RIANI', 'LOGIN', '2019-04-23 09:38:52'),
('1904231517362273482', 'RIANI', 'LOGIN', '2019-04-23 15:17:36'),
('1905021119591273379', 'RIANI', 'LOGIN', '2019-05-02 11:19:59'),
('1905090740134860257', 'RIANI', 'LOGIN', '2019-05-09 07:40:13'),
('1905090744239913493', 'RIANI', 'INSERT PRODUCT OUTBOUND', '2019-05-09 07:44:23'),
('1905090744252426798', 'RIANI', 'INSERT PRODUCT OUTBOUND DETAIL', '2019-05-09 07:44:25'),
('1905090745016105649', 'RIANI', 'APPROVE OUTBOUND DATA', '2019-05-09 07:45:01'),
('1905090752058090041', 'RIANI', 'INSERT PRODUCT INBOUND', '2019-05-09 07:52:05'),
('1905090752095640114', 'RIANI', 'INSERT PRODUCT INBOUND DETAIL', '2019-05-09 07:52:09'),
('1905090752325523827', 'RIANI', 'APPROVE INBOUND DATA', '2019-05-09 07:52:32'),
('1905090756438681934', 'RIANI', 'INSERT PRODUCT OUTBOUND', '2019-05-09 07:56:43'),
('1905091259119538526', 'RIANI', 'LOGIN', '2019-05-09 12:59:11'),
('1905091518158839786', 'RIANI', 'LOGIN', '2019-05-09 15:18:15'),
('1905101154272255023', 'RIANI', 'LOGIN', '2019-05-10 11:54:27'),
('1905221647303165177', 'ADMIN', 'LOGIN', '2019-05-22 16:47:30'),
('1907031745326101367', 'ADMIN', 'LOGIN', '2019-07-03 17:45:32'),
('1907031805144000334', 'ADMIN', 'LOGOUT', '2019-07-03 18:05:14'),
('1910011553188719383', 'RIANI', 'LOGIN', '2019-10-01 15:53:18'),
('1910011609592060230', 'RIANI', 'LOGOUT', '2019-10-01 16:09:59'),
('1910021119559452595', 'ADMIN', 'LOGIN', '2019-10-02 11:19:55'),
('1910021647492800015', 'RIANI', 'LOGIN', '2019-10-02 16:47:49'),
('1910021700147591163', 'RIANI', 'INSERT EKSPEDISI', '2019-10-02 17:00:14'),
('1910021701289894768', 'RIANI', 'UPDATE EKSPEDISI', '2019-10-02 17:01:28'),
('1910021701532723535', 'RIANI', 'UPDATE EKSPEDISI', '2019-10-02 17:01:53'),
('1910021702107729251', 'RIANI', 'DELETE EKSPEDISI', '2019-10-02 17:02:10'),
('1910021822252827925', 'ADMIN', 'LOGIN', '2019-10-02 18:22:25'),
('1910100917268538158', 'ADMIN', 'LOGIN', '2019-10-10 09:17:26'),
('1910100935458305384', 'ADMIN', 'LOGOUT', '2019-10-10 09:35:45'),
('1910101012293871785', 'RIANI', 'LOGIN', '2019-10-10 10:12:29'),
('1910101015377697224', 'RIANI', 'INSERT PRODUCT INBOUND', '2019-10-10 10:15:37'),
('1910101016309036416', 'RIANI', 'INSERT PRODUCT INBOUND DETAIL', '2019-10-10 10:16:30'),
('1910101037042848841', 'RIANI', 'INSERT PRODUCT INBOUND', '2019-10-10 10:37:04'),
('1910101038113757070', 'RIANI', 'DELETE INBOUND DATA', '2019-10-10 10:38:11'),
('1910101039475374098', 'RIANI', 'INSERT PRODUCT INBOUND', '2019-10-10 10:39:47'),
('1910101040344369092', 'RIANI', 'INSERT PRODUCT INBOUND DETAIL', '2019-10-10 10:40:34'),
('1910101101049099329', 'RIANI', 'DELETE STORAGE', '2019-10-10 11:01:04'),
('1910101107231123826', 'RIANI', 'INSERT PRODUCT INBOUND', '2019-10-10 11:07:23'),
('1910101107583395759', 'RIANI', 'INSERT PRODUCT INBOUND DETAIL', '2019-10-10 11:07:58'),
('1910101112578245968', 'RIANI', 'INSERT RACK', '2019-10-10 11:12:57'),
('1910101114099682656', 'RIANI', 'APPROVE INBOUND DATA', '2019-10-10 11:14:09'),
('1910101122569314518', 'RIANI', 'INSERT PRODUCT INBOUND', '2019-10-10 11:22:56'),
('1910101123051966165', 'RIANI', 'INSERT PRODUCT INBOUND DETAIL', '2019-10-10 11:23:05'),
('1910101123531529159', 'RIANI', 'APPROVE INBOUND DATA', '2019-10-10 11:23:53'),
('1910101129471445851', 'RIANI', 'INSERT PRODUCT OUTBOUND', '2019-10-10 11:29:47'),
('1910101130056020515', 'RIANI', 'INSERT PRODUCT OUTBOUND DETAIL', '2019-10-10 11:30:05'),
('1910101138374083122', 'RIANI', 'APPROVE OUTBOUND DATA', '2019-10-10 11:38:37'),
('1910101320569075536', 'RIANI', 'DELETE PRODUCT', '2019-10-10 13:20:56'),
('1910101556345925299', 'RIANI', 'LOGIN', '2019-10-10 15:56:34'),
('1910101556589256927', 'RIANI', 'DELETE PRODUCT', '2019-10-10 15:56:58'),
('1910101557204604477', 'RIANI', 'DELETE PRODUCT', '2019-10-10 15:57:20'),
('1910111022303657748', 'RIANI', 'LOGIN', '2019-10-11 10:22:30'),
('1910111024554473483', 'RIANI', 'DELETE RACK', '2019-10-11 10:24:55'),
('1910111025087662475', 'RIANI', 'DELETE RACK', '2019-10-11 10:25:08'),
('1910111025172334215', 'RIANI', 'DELETE RACK', '2019-10-11 10:25:17'),
('1910111025264069289', 'RIANI', 'DELETE RACK', '2019-10-11 10:25:26'),
('1910111025347175859', 'RIANI', 'DELETE RACK', '2019-10-11 10:25:34'),
('1910111025438866656', 'RIANI', 'DELETE RACK', '2019-10-11 10:25:43'),
('1910111025517272635', 'RIANI', 'DELETE RACK', '2019-10-11 10:25:51'),
('1910111026016008518', 'RIANI', 'DELETE RACK', '2019-10-11 10:26:01'),
('1910111026105907625', 'RIANI', 'DELETE RACK', '2019-10-11 10:26:10'),
('1910111026173358830', 'RIANI', 'DELETE RACK', '2019-10-11 10:26:17'),
('1910111026263059027', 'RIANI', 'DELETE RACK', '2019-10-11 10:26:26'),
('1910111026426679437', 'RIANI', 'DELETE RACK', '2019-10-11 10:26:42'),
('1910111026528483024', 'RIANI', 'DELETE RACK', '2019-10-11 10:26:52'),
('1910111027023506192', 'RIANI', 'DELETE RACK', '2019-10-11 10:27:02'),
('1910111027189357035', 'RIANI', 'DELETE RACK', '2019-10-11 10:27:18'),
('1910111027286821542', 'RIANI', 'DELETE RACK', '2019-10-11 10:27:28'),
('1910111027386042736', 'RIANI', 'DELETE RACK', '2019-10-11 10:27:38'),
('1910111027503535418', 'RIANI', 'DELETE RACK', '2019-10-11 10:27:50'),
('1910111028011803399', 'RIANI', 'DELETE RACK', '2019-10-11 10:28:01'),
('1910111028156502849', 'RIANI', 'DELETE RACK', '2019-10-11 10:28:15'),
('1910111030192443242', 'RIANI', 'DELETE RACK', '2019-10-11 10:30:19'),
('1910111030297858054', 'RIANI', 'DELETE RACK', '2019-10-11 10:30:29'),
('1910111030419825547', 'RIANI', 'DELETE RACK', '2019-10-11 10:30:41'),
('1910111030533732037', 'RIANI', 'DELETE RACK', '2019-10-11 10:30:53'),
('1910111031021474380', 'RIANI', 'DELETE RACK', '2019-10-11 10:31:02'),
('1910111031128751055', 'RIANI', 'DELETE RACK', '2019-10-11 10:31:12'),
('1910111031228743796', 'RIANI', 'DELETE RACK', '2019-10-11 10:31:22'),
('1910111031366630346', 'RIANI', 'DELETE RACK', '2019-10-11 10:31:36'),
('1910111031467154677', 'RIANI', 'DELETE RACK', '2019-10-11 10:31:46'),
('1910111031573092459', 'RIANI', 'DELETE RACK', '2019-10-11 10:31:57'),
('1910111032106362835', 'RIANI', 'DELETE RACK', '2019-10-11 10:32:10'),
('1910111032213061218', 'RIANI', 'DELETE RACK', '2019-10-11 10:32:21'),
('1910111032304441722', 'RIANI', 'DELETE RACK', '2019-10-11 10:32:30'),
('1910111032404762075', 'RIANI', 'DELETE RACK', '2019-10-11 10:32:40'),
('1910111034253566825', 'RIANI', 'INSERT RACK', '2019-10-11 10:34:25'),
('1910111035114174731', 'RIANI', 'INSERT RACK', '2019-10-11 10:35:11'),
('1910111038541812849', 'RIANI', 'INSERT RACK', '2019-10-11 10:38:54'),
('1910111039272735431', 'RIANI', 'INSERT RACK', '2019-10-11 10:39:27'),
('1910111039455959162', 'RIANI', 'INSERT RACK', '2019-10-11 10:39:45'),
('1910111706228354221', 'RIANI', 'LOGIN', '2019-10-11 17:06:22'),
('1910111706535168980', 'RIANI', 'INSERT RACK', '2019-10-11 17:06:53'),
('1910111707113040037', 'RIANI', 'INSERT RACK', '2019-10-11 17:07:11'),
('1910111709065524082', 'RIANI', 'INSERT RACK', '2019-10-11 17:09:06'),
('1910111709216143629', 'RIANI', 'INSERT RACK', '2019-10-11 17:09:21'),
('1910111709442121052', 'RIANI', 'INSERT RACK', '2019-10-11 17:09:44'),
('1910111710093755499', 'RIANI', 'INSERT RACK', '2019-10-11 17:10:09'),
('1910111711263024378', 'RIANI', 'INSERT RACK', '2019-10-11 17:11:26'),
('1910111712126230790', 'RIANI', 'INSERT RACK', '2019-10-11 17:12:12'),
('1910111712264393771', 'RIANI', 'INSERT RACK', '2019-10-11 17:12:26'),
('1910111716364328312', 'RIANI', 'INSERT RACK', '2019-10-11 17:16:36'),
('1910111716497482656', 'RIANI', 'INSERT RACK', '2019-10-11 17:16:49'),
('1910111717146142844', 'RIANI', 'INSERT RACK', '2019-10-11 17:17:14'),
('1910111717299370957', 'RIANI', 'INSERT RACK', '2019-10-11 17:17:29'),
('1910111718109146329', 'RIANI', 'INSERT RACK', '2019-10-11 17:18:10'),
('1910111718272652122', 'RIANI', 'INSERT RACK', '2019-10-11 17:18:27'),
('1910111721563932873', 'RIANI', 'INSERT RACK', '2019-10-11 17:21:56'),
('1910111723477052644', 'RIANI', 'INSERT RACK', '2019-10-11 17:23:47'),
('1910111723595254745', 'RIANI', 'INSERT RACK', '2019-10-11 17:23:59'),
('1910111725389883392', 'RIANI', 'INSERT RACK', '2019-10-11 17:25:38'),
('1910111726024278955', 'RIANI', 'INSERT RACK', '2019-10-11 17:26:02'),
('1910111726377269924', 'RIANI', 'INSERT RACK', '2019-10-11 17:26:37'),
('1910111726528167042', 'RIANI', 'INSERT RACK', '2019-10-11 17:26:52'),
('1910111727095587881', 'RIANI', 'INSERT RACK', '2019-10-11 17:27:09'),
('1910111727238685785', 'RIANI', 'INSERT RACK', '2019-10-11 17:27:23'),
('1910111730388644739', 'RIANI', 'INSERT RACK', '2019-10-11 17:30:38'),
('1910111730536972666', 'RIANI', 'INSERT RACK', '2019-10-11 17:30:53'),
('1910111731066602691', 'RIANI', 'INSERT RACK', '2019-10-11 17:31:06'),
('1910111731206145821', 'RIANI', 'INSERT RACK', '2019-10-11 17:31:20'),
('1910111732058657775', 'RIANI', 'INSERT RACK', '2019-10-11 17:32:05'),
('1910111734306783827', 'RIANI', 'INSERT RACK', '2019-10-11 17:34:30'),
('1910111734447281820', 'RIANI', 'INSERT RACK', '2019-10-11 17:34:44'),
('1910111734573804235', 'RIANI', 'INSERT RACK', '2019-10-11 17:34:57'),
('1910111735118295325', 'RIANI', 'INSERT RACK', '2019-10-11 17:35:11'),
('1910111735251588576', 'RIANI', 'INSERT RACK', '2019-10-11 17:35:25'),
('1910111735396656850', 'RIANI', 'INSERT RACK', '2019-10-11 17:35:39'),
('1910111735554517151', 'RIANI', 'INSERT RACK', '2019-10-11 17:35:55'),
('1910111838589887420', 'RIANI', 'INSERT RACK', '2019-10-11 18:38:58'),
('1910111839113306497', 'RIANI', 'INSERT RACK', '2019-10-11 18:39:11'),
('1910111839252819260', 'RIANI', 'INSERT RACK', '2019-10-11 18:39:25'),
('1910111839373806681', 'RIANI', 'INSERT RACK', '2019-10-11 18:39:37'),
('1910111841268128796', 'RIANI', 'INSERT RACK', '2019-10-11 18:41:26'),
('1910111842025840329', 'RIANI', 'INSERT RACK', '2019-10-11 18:42:02'),
('1910111842151659634', 'RIANI', 'INSERT RACK', '2019-10-11 18:42:15'),
('1910111842275308639', 'RIANI', 'INSERT RACK', '2019-10-11 18:42:27'),
('1910111844041691395', 'RIANI', 'INSERT RACK', '2019-10-11 18:44:04'),
('1910111844176612142', 'RIANI', 'INSERT RACK', '2019-10-11 18:44:17'),
('1910111844363876688', 'RIANI', 'INSERT RACK', '2019-10-11 18:44:36'),
('1910111845058627320', 'RIANI', 'INSERT RACK', '2019-10-11 18:45:05'),
('1910111845182233056', 'RIANI', 'INSERT RACK', '2019-10-11 18:45:18'),
('1910111845331585244', 'RIANI', 'INSERT RACK', '2019-10-11 18:45:33'),
('1910111845525295171', 'RIANI', 'INSERT RACK', '2019-10-11 18:45:52'),
('1910111846047529290', 'RIANI', 'INSERT RACK', '2019-10-11 18:46:04'),
('1910111847081923548', 'RIANI', 'INSERT RACK', '2019-10-11 18:47:08'),
('1910111847264448550', 'RIANI', 'INSERT RACK', '2019-10-11 18:47:26'),
('1910111847425428357', 'RIANI', 'INSERT RACK', '2019-10-11 18:47:42'),
('1910111848226085874', 'RIANI', 'INSERT RACK', '2019-10-11 18:48:22'),
('1910111848405208011', 'RIANI', 'INSERT RACK', '2019-10-11 18:48:40'),
('1910111848531673976', 'RIANI', 'INSERT RACK', '2019-10-11 18:48:53'),
('1910111849051872531', 'RIANI', 'INSERT RACK', '2019-10-11 18:49:05'),
('1910111850304153649', 'RIANI', 'INSERT RACK', '2019-10-11 18:50:30'),
('1910111850434790516', 'RIANI', 'INSERT RACK', '2019-10-11 18:50:43'),
('1910111850563674026', 'RIANI', 'INSERT RACK', '2019-10-11 18:50:56'),
('1910111851083859534', 'RIANI', 'INSERT RACK', '2019-10-11 18:51:08'),
('1910111851193958336', 'RIANI', 'INSERT RACK', '2019-10-11 18:51:19'),
('1910111851317025874', 'RIANI', 'INSERT RACK', '2019-10-11 18:51:31'),
('1910111851442784257', 'RIANI', 'INSERT RACK', '2019-10-11 18:51:44'),
('1910111851573178125', 'RIANI', 'INSERT RACK', '2019-10-11 18:51:57'),
('1910111852116818565', 'RIANI', 'INSERT RACK', '2019-10-11 18:52:11'),
('1910111852237872141', 'RIANI', 'INSERT RACK', '2019-10-11 18:52:23'),
('1910111852284950040', 'RIANI', 'LOGOUT', '2019-10-11 18:52:28'),
('1910140937522217663', 'RIANI', 'LOGIN', '2019-10-14 09:37:52'),
('1910141032248475499', 'ADMIN', 'LOGIN', '2019-10-14 10:32:24'),
('1910141221125812154', 'RIANI', 'LOGIN', '2019-10-14 12:21:12'),
('1910141223367014144', 'RIANI', 'INSERT PRODUCT INBOUND', '2019-10-14 12:23:36'),
('1910141224259610724', 'RIANI', 'INSERT PRODUCT INBOUND DETAIL', '2019-10-14 12:24:25'),
('1910141226391524522', 'RIANI', 'LOGOUT', '2019-10-14 12:26:39'),
('1910141546553107332', 'ADMIN', 'LOGIN', '2019-10-14 15:46:55'),
('1910141557133670264', 'RIANI', 'LOGIN', '2019-10-14 15:57:13'),
('1910141600145875167', 'RIANI', 'INSERT PRODUCT INBOUND', '2019-10-14 16:00:14'),
('1910141601405531441', 'RIANI', 'DELETE INBOUND DATA', '2019-10-14 16:01:40'),
('1910141601545121560', 'RIANI', 'DELETE INBOUND DATA', '2019-10-14 16:01:54'),
('1910141602047340716', 'RIANI', 'DELETE INBOUND DATA', '2019-10-14 16:02:04'),
('1910141602137714278', 'RIANI', 'DELETE INBOUND DATA', '2019-10-14 16:02:13'),
('1910141603242491027', 'RIANI', 'INSERT PRODUCT INBOUND', '2019-10-14 16:03:24'),
('1910141603341881550', 'RIANI', 'INSERT PRODUCT INBOUND DETAIL', '2019-10-14 16:03:34'),
('1910141604012349797', 'RIANI', 'APPROVE INBOUND DATA', '2019-10-14 16:04:01'),
('1910141612589050072', 'RIANI', 'INSERT PRODUCT OUTBOUND', '2019-10-14 16:12:58'),
('1910141613445640114', 'RIANI', 'DELETE OUTBOUND DATA', '2019-10-14 16:13:44'),
('1910141614389159365', 'RIANI', 'INSERT PRODUCT OUTBOUND', '2019-10-14 16:14:38'),
('1910141619138571755', 'RIANI', 'DELETE RACK', '2019-10-14 16:19:13'),
('1910141619238361569', 'RIANI', 'DELETE RACK', '2019-10-14 16:19:23'),
('1910141619415887584', 'RIANI', 'DELETE RACK', '2019-10-14 16:19:41'),
('1910141619524981812', 'RIANI', 'DELETE RACK', '2019-10-14 16:19:52'),
('1910141620325181496', 'RIANI', 'DELETE RACK', '2019-10-14 16:20:32'),
('1910141620434886695', 'RIANI', 'DELETE RACK', '2019-10-14 16:20:43'),
('1910141620539677488', 'RIANI', 'DELETE RACK', '2019-10-14 16:20:53'),
('1910141621052475014', 'RIANI', 'DELETE RACK', '2019-10-14 16:21:05'),
('1910141621168127490', 'RIANI', 'DELETE RACK', '2019-10-14 16:21:16'),
('1910141621274590389', 'RIANI', 'DELETE RACK', '2019-10-14 16:21:27'),
('1910141621397163342', 'RIANI', 'DELETE RACK', '2019-10-14 16:21:39'),
('1910141621496892334', 'RIANI', 'DELETE RACK', '2019-10-14 16:21:49'),
('1910141621588694970', 'RIANI', 'DELETE RACK', '2019-10-14 16:21:58'),
('1910141622101429572', 'RIANI', 'DELETE RACK', '2019-10-14 16:22:10'),
('1910141622292252046', 'RIANI', 'DELETE RACK', '2019-10-14 16:22:29'),
('1910141622401596620', 'RIANI', 'DELETE RACK', '2019-10-14 16:22:40'),
('1910141622514547252', 'RIANI', 'DELETE RACK', '2019-10-14 16:22:51'),
('1910141623389532318', 'RIANI', 'DELETE RACK', '2019-10-14 16:23:38'),
('1910141623513066641', 'RIANI', 'DELETE RACK', '2019-10-14 16:23:51'),
('1910141624016994888', 'RIANI', 'DELETE RACK', '2019-10-14 16:24:01'),
('1910141624109550777', 'RIANI', 'DELETE RACK', '2019-10-14 16:24:10'),
('1910141624192727552', 'RIANI', 'DELETE RACK', '2019-10-14 16:24:19'),
('1910141624366414117', 'RIANI', 'DELETE RACK', '2019-10-14 16:24:36'),
('1910141624527888775', 'RIANI', 'DELETE RACK', '2019-10-14 16:24:52'),
('1910141630354084428', 'RIANI', 'DELETE RACK', '2019-10-14 16:30:35'),
('1910141630432413761', 'RIANI', 'DELETE RACK', '2019-10-14 16:30:43'),
('1910141630543276661', 'RIANI', 'DELETE RACK', '2019-10-14 16:30:54'),
('1910141631064033411', 'RIANI', 'DELETE RACK', '2019-10-14 16:31:06'),
('1910141631161525042', 'RIANI', 'DELETE RACK', '2019-10-14 16:31:16'),
('1910141632455270759', 'RIANI', 'DELETE RACK', '2019-10-14 16:32:45'),
('1910141633389543163', 'RIANI', 'UPDATE STORAGE', '2019-10-14 16:33:38'),
('1910141633587625381', 'RIANI', 'UPDATE STORAGE', '2019-10-14 16:33:58'),
('1910141635238173085', 'RIANI', 'UPDATE STORAGE', '2019-10-14 16:35:23'),
('1910141635512925842', 'RIANI', 'UPDATE STORAGE', '2019-10-14 16:35:51'),
('1910141642451608617', 'RIANI', 'INSERT RACK', '2019-10-14 16:42:45'),
('1910141645545555589', 'RIANI', 'INSERT RACK', '2019-10-14 16:45:54'),
('1910141646091375324', 'RIANI', 'INSERT RACK', '2019-10-14 16:46:09'),
('1910141646242142488', 'RIANI', 'INSERT RACK', '2019-10-14 16:46:24'),
('1910141646395461689', 'RIANI', 'INSERT RACK', '2019-10-14 16:46:39'),
('1910141648029756426', 'RIANI', 'INSERT PRODUCT INBOUND', '2019-10-14 16:48:02'),
('1910141648094512514', 'RIANI', 'INSERT PRODUCT INBOUND DETAIL', '2019-10-14 16:48:09'),
('1910141651518866390', 'RIANI', 'DELETE INBOUND DATA', '2019-10-14 16:51:51'),
('1910141652368291297', 'RIANI', 'INSERT PRODUCT INBOUND', '2019-10-14 16:52:36'),
('1910141652433473811', 'RIANI', 'INSERT PRODUCT INBOUND DETAIL', '2019-10-14 16:52:43'),
('1910141654473234044', 'RIANI', 'LOGOUT', '2019-10-14 16:54:47'),
('1910151258492351888', 'ADMIN', 'LOGIN', '2019-10-15 12:58:49'),
('1910151304231916454', 'ADMIN', 'DELETE RACK', '2019-10-15 13:04:23'),
('1910151305078010749', 'ADMIN', 'INSERT RACK', '2019-10-15 13:05:07'),
('1910151305237475042', 'ADMIN', 'DELETE RACK', '2019-10-15 13:05:23'),
('1910151305302016396', 'ADMIN', 'DELETE RACK', '2019-10-15 13:05:30'),
('1910151305355145973', 'ADMIN', 'DELETE RACK', '2019-10-15 13:05:35'),
('1910151305415496692', 'ADMIN', 'DELETE RACK', '2019-10-15 13:05:41'),
('1910151305463003462', 'ADMIN', 'DELETE RACK', '2019-10-15 13:05:46'),
('1910151305512583876', 'ADMIN', 'DELETE RACK', '2019-10-15 13:05:51'),
('1910161045337270544', 'ADMIN', 'LOGIN', '2019-10-16 10:45:33'),
('1910211818102385586', 'ADMIN', 'LOGIN', '2019-10-21 18:18:10'),
('1910221608514424392', 'ADMIN', 'LOGIN', '2019-10-22 16:08:51'),
('1910291659069329911', 'ADMIN', 'LOGIN', '2019-10-29 16:59:06'),
('1911011627598865085', 'RIANI', 'LOGIN', '2019-11-01 16:27:59'),
('1911071026217685228', 'ADMIN', 'LOGIN', '2019-11-07 10:26:21'),
('1911131800196464248', 'ADMIN', 'LOGIN', '2019-11-13 18:00:19'),
('1911151036532930224', 'ADMIN', 'LOGIN', '2019-11-15 10:36:53'),
('1911151043193477928', 'ADMIN', 'LOGIN', '2019-11-15 10:43:19'),
('1911211042372604437', 'ADMIN', 'LOGIN', '2019-11-21 10:42:37'),
('1912021415444357096', 'ADMIN', 'LOGIN', '2019-12-02 14:15:44'),
('1912021728414043736', 'RIANI', 'LOGIN', '2019-12-02 17:28:41'),
('1912021735255062398', 'RIANI', 'INSERT RACK', '2019-12-02 17:35:25'),
('1912021738494326741', 'RIANI', 'UPDATE RACK', '2019-12-02 17:38:49'),
('1912021741507066732', 'RIANI', 'INSERT RACK', '2019-12-02 17:41:50'),
('1912021742101883376', 'RIANI', 'DELETE RACK', '2019-12-02 17:42:10'),
('1912021742199259993', 'RIANI', 'DELETE RACK', '2019-12-02 17:42:19'),
('1912021742296453138', 'RIANI', 'DELETE RACK', '2019-12-02 17:42:29'),
('1912021742372460395', 'RIANI', 'DELETE RACK', '2019-12-02 17:42:37'),
('1912021746123900580', 'RIANI', 'DELETE RACK', '2019-12-02 17:46:12'),
('1912021746213917025', 'RIANI', 'DELETE RACK', '2019-12-02 17:46:21'),
('1912021746425639163', 'RIANI', 'INSERT RACK', '2019-12-02 17:46:42'),
('1912021748004730314', 'RIANI', 'LOGOUT', '2019-12-02 17:48:00'),
('1912022119415487153', 'ADMIN', 'LOGIN', '2019-12-02 21:19:41'),
('1912022124012937572', 'ADMIN', 'INSERT RACK', '2019-12-02 21:24:01'),
('1912022125036553511', 'ADMIN', 'INSERT RACK', '2019-12-02 21:25:03'),
('1912022128334988640', 'ADMIN', 'INSERT PRODUCT', '2019-12-02 21:28:33'),
('1912022128582565937', 'ADMIN', 'INSERT PRODUCT CATEGORY', '2019-12-02 21:28:58'),
('1912022130015382243', 'ADMIN', 'UPDATE PRODUCT', '2019-12-02 21:30:01'),
('1912022130392353725', 'ADMIN', 'UPDATE PRODUCT', '2019-12-02 21:30:39'),
('1912022132008437430', 'ADMIN', 'DELETE USER', '2019-12-02 21:32:00'),
('1912030705368350459', 'RIANI', 'LOGIN', '2019-12-03 07:05:36'),
('1912030707278528973', 'RIANI', 'INSERT RACK', '2019-12-03 07:07:27'),
('1912030721406858117', 'RIANI', 'INSERT RACK', '2019-12-03 07:21:40'),
('1912030721577295477', 'RIANI', 'INSERT RACK', '2019-12-03 07:21:57'),
('1912030722129451455', 'RIANI', 'INSERT RACK', '2019-12-03 07:22:12'),
('1912030722419178090', 'RIANI', 'INSERT RACK', '2019-12-03 07:22:41'),
('1912030734542566977', 'RIANI', 'INSERT RACK', '2019-12-03 07:34:54'),
('1912030737292070390', 'RIANI', 'INSERT RACK', '2019-12-03 07:37:29'),
('1912030737567883252', 'RIANI', 'INSERT RACK', '2019-12-03 07:37:56'),
('1912030738435821339', 'RIANI', 'INSERT RACK', '2019-12-03 07:38:43'),
('1912031132072307611', 'RIANI', 'LOGIN', '2019-12-03 11:32:07'),
('1912032050045119889', 'RIANI', 'LOGIN', '2019-12-03 20:50:04'),
('1912032050528377583', 'RIANI', 'INSERT RACK', '2019-12-03 20:50:52'),
('1912032051114966839', 'RIANI', 'INSERT RACK', '2019-12-03 20:51:11'),
('1912032051476072051', 'RIANI', 'INSERT RACK', '2019-12-03 20:51:47'),
('1912032052008514530', 'RIANI', 'INSERT RACK', '2019-12-03 20:52:00'),
('1912032052162536876', 'RIANI', 'INSERT RACK', '2019-12-03 20:52:16'),
('1912032052413880285', 'RIANI', 'INSERT RACK', '2019-12-03 20:52:41'),
('1912032052557919927', 'RIANI', 'INSERT RACK', '2019-12-03 20:52:55'),
('1912032053476931620', 'RIANI', 'INSERT RACK', '2019-12-03 20:53:47'),
('1912032054007503572', 'RIANI', 'INSERT RACK', '2019-12-03 20:54:00'),
('1912032054144169143', 'RIANI', 'INSERT RACK', '2019-12-03 20:54:14'),
('1912032054269983931', 'RIANI', 'INSERT RACK', '2019-12-03 20:54:26'),
('1912032054376892689', 'RIANI', 'INSERT RACK', '2019-12-03 20:54:37'),
('1912032054487950548', 'RIANI', 'INSERT RACK', '2019-12-03 20:54:48'),
('1912032055013991149', 'RIANI', 'INSERT RACK', '2019-12-03 20:55:01'),
('1912032056407749027', 'RIANI', 'INSERT RACK', '2019-12-03 20:56:40'),
('1912032057102062421', 'RIANI', 'INSERT RACK', '2019-12-03 20:57:10'),
('1912032057236809646', 'RIANI', 'INSERT RACK', '2019-12-03 20:57:23'),
('1912032057371122775', 'RIANI', 'INSERT RACK', '2019-12-03 20:57:37'),
('1912032057549168550', 'RIANI', 'INSERT RACK', '2019-12-03 20:57:54'),
('1912032058244765672', 'RIANI', 'INSERT RACK', '2019-12-03 20:58:24'),
('1912032058388972452', 'RIANI', 'INSERT RACK', '2019-12-03 20:58:38'),
('1912032058518654544', 'RIANI', 'INSERT RACK', '2019-12-03 20:58:51'),
('1912032059454638695', 'RIANI', 'INSERT RACK', '2019-12-03 20:59:45'),
('1912032059584424923', 'RIANI', 'INSERT RACK', '2019-12-03 20:59:58'),
('1912032100092179848', 'RIANI', 'INSERT RACK', '2019-12-03 21:00:09'),
('1912032100215403678', 'RIANI', 'INSERT RACK', '2019-12-03 21:00:21'),
('1912032101091180885', 'RIANI', 'INSERT RACK', '2019-12-03 21:01:09'),
('1912032101214183230', 'RIANI', 'INSERT RACK', '2019-12-03 21:01:21'),
('1912032101356612662', 'RIANI', 'INSERT RACK', '2019-12-03 21:01:35'),
('1912032101473408441', 'RIANI', 'INSERT RACK', '2019-12-03 21:01:47'),
('1912032101585108778', 'RIANI', 'INSERT RACK', '2019-12-03 21:01:58'),
('1912032102127625026', 'RIANI', 'INSERT RACK', '2019-12-03 21:02:12'),
('1912032102251790628', 'RIANI', 'INSERT RACK', '2019-12-03 21:02:25'),
('1912032102389549991', 'RIANI', 'INSERT RACK', '2019-12-03 21:02:38'),
('1912032102503958591', 'RIANI', 'INSERT RACK', '2019-12-03 21:02:50'),
('1912032103016960936', 'RIANI', 'INSERT RACK', '2019-12-03 21:03:01'),
('1912032103139390467', 'RIANI', 'INSERT RACK', '2019-12-03 21:03:13'),
('1912032103246524716', 'RIANI', 'INSERT RACK', '2019-12-03 21:03:24'),
('1912032103366975023', 'RIANI', 'INSERT RACK', '2019-12-03 21:03:36'),
('1912032103496019198', 'RIANI', 'INSERT RACK', '2019-12-03 21:03:49'),
('1912032104013379126', 'RIANI', 'INSERT RACK', '2019-12-03 21:04:01'),
('1912032104133221882', 'RIANI', 'INSERT RACK', '2019-12-03 21:04:13'),
('1912032104515348899', 'RIANI', 'INSERT RACK', '2019-12-03 21:04:51'),
('1912032105033581267', 'RIANI', 'INSERT RACK', '2019-12-03 21:05:03'),
('1912032105168254633', 'RIANI', 'INSERT RACK', '2019-12-03 21:05:16'),
('1912032105272424517', 'RIANI', 'INSERT RACK', '2019-12-03 21:05:27'),
('1912032105409146583', 'RIANI', 'INSERT RACK', '2019-12-03 21:05:40'),
('1912032105522587373', 'RIANI', 'INSERT RACK', '2019-12-03 21:05:52'),
('1912032106095802449', 'RIANI', 'INSERT RACK', '2019-12-03 21:06:09'),
('1912032106241847333', 'RIANI', 'INSERT RACK', '2019-12-03 21:06:24'),
('1912032106404888787', 'RIANI', 'INSERT RACK', '2019-12-03 21:06:40'),
('1912032106506871153', 'RIANI', 'INSERT RACK', '2019-12-03 21:06:50'),
('1912032107024183485', 'RIANI', 'INSERT RACK', '2019-12-03 21:07:02'),
('1912032107146547823', 'RIANI', 'INSERT RACK', '2019-12-03 21:07:14'),
('1912032107251464221', 'RIANI', 'INSERT RACK', '2019-12-03 21:07:25'),
('1912032107367543998', 'RIANI', 'INSERT RACK', '2019-12-03 21:07:36'),
('1912032107473397851', 'RIANI', 'INSERT RACK', '2019-12-03 21:07:47'),
('1912032107587637277', 'RIANI', 'INSERT RACK', '2019-12-03 21:07:58'),
('1912032108097762063', 'RIANI', 'INSERT RACK', '2019-12-03 21:08:09'),
('1912032108204605528', 'RIANI', 'INSERT RACK', '2019-12-03 21:08:20'),
('1912032108303445636', 'RIANI', 'INSERT RACK', '2019-12-03 21:08:30'),
('1912032108415115517', 'RIANI', 'INSERT RACK', '2019-12-03 21:08:41'),
('1912032108526004236', 'RIANI', 'INSERT RACK', '2019-12-03 21:08:52'),
('1912032109043747099', 'RIANI', 'INSERT RACK', '2019-12-03 21:09:04'),
('1912032109156944922', 'RIANI', 'INSERT RACK', '2019-12-03 21:09:15'),
('1912032109304197318', 'RIANI', 'INSERT RACK', '2019-12-03 21:09:30'),
('1912032109433241392', 'RIANI', 'INSERT RACK', '2019-12-03 21:09:43'),
('1912032109544326741', 'RIANI', 'INSERT RACK', '2019-12-03 21:09:54'),
('1912032110047871621', 'RIANI', 'INSERT RACK', '2019-12-03 21:10:04'),
('1912032110185079728', 'RIANI', 'INSERT RACK', '2019-12-03 21:10:18'),
('1912032110285673281', 'RIANI', 'INSERT RACK', '2019-12-03 21:10:28'),
('1912032110579490220', 'RIANI', 'INSERT RACK', '2019-12-03 21:10:57'),
('1912032111099332977', 'RIANI', 'INSERT RACK', '2019-12-03 21:11:09'),
('1912032111206553511', 'RIANI', 'INSERT RACK', '2019-12-03 21:11:20'),
('1912032111318991696', 'RIANI', 'INSERT RACK', '2019-12-03 21:11:31'),
('1912032111444051350', 'RIANI', 'INSERT RACK', '2019-12-03 21:11:44'),
('1912032111552565937', 'RIANI', 'INSERT RACK', '2019-12-03 21:11:55'),
('1912032112092035386', 'RIANI', 'INSERT RACK', '2019-12-03 21:12:09'),
('1912032112419637582', 'RIANI', 'INSERT RACK', '2019-12-03 21:12:41'),
('1912032112539684228', 'RIANI', 'INSERT RACK', '2019-12-03 21:12:53'),
('1912032113067421834', 'RIANI', 'INSERT RACK', '2019-12-03 21:13:06'),
('1912032113195906054', 'RIANI', 'INSERT RACK', '2019-12-03 21:13:19'),
('1912032113323747885', 'RIANI', 'INSERT RACK', '2019-12-03 21:13:32'),
('1912032113444002879', 'RIANI', 'INSERT RACK', '2019-12-03 21:13:44'),
('1912032113555282135', 'RIANI', 'INSERT RACK', '2019-12-03 21:13:55'),
('1912032114091752382', 'RIANI', 'INSERT RACK', '2019-12-03 21:14:09'),
('1912032114219802540', 'RIANI', 'INSERT RACK', '2019-12-03 21:14:21'),
('1912032114335821339', 'RIANI', 'INSERT RACK', '2019-12-03 21:14:33'),
('1912032114446197978', 'RIANI', 'INSERT RACK', '2019-12-03 21:14:44'),
('1912032114545098718', 'RIANI', 'INSERT RACK', '2019-12-03 21:14:54'),
('1912032115051134937', 'RIANI', 'INSERT RACK', '2019-12-03 21:15:05'),
('1912032115096251086', 'RIANI', 'LOGOUT', '2019-12-03 21:15:09'),
('1912032137558610876', 'RIANI', 'LOGIN', '2019-12-03 21:37:55'),
('1912032139388149192', 'RIANI', 'INSERT RACK', '2019-12-03 21:39:38'),
('1912032139519866859', 'RIANI', 'INSERT RACK', '2019-12-03 21:39:51'),
('1912032140048233717', 'RIANI', 'INSERT RACK', '2019-12-03 21:40:04'),
('1912032140157416766', 'RIANI', 'INSERT RACK', '2019-12-03 21:40:15'),
('1912032140307137879', 'RIANI', 'INSERT RACK', '2019-12-03 21:40:30'),
('1912032140442674964', 'RIANI', 'INSERT RACK', '2019-12-03 21:40:44'),
('1912032140562639175', 'RIANI', 'INSERT RACK', '2019-12-03 21:40:56'),
('1912032141073406870', 'RIANI', 'INSERT RACK', '2019-12-03 21:41:07'),
('1912032141185497744', 'RIANI', 'INSERT RACK', '2019-12-03 21:41:18'),
('1912032141292308231', 'RIANI', 'INSERT RACK', '2019-12-03 21:41:29'),
('1912032141413543552', 'RIANI', 'INSERT RACK', '2019-12-03 21:41:41'),
('1912032141528377583', 'RIANI', 'INSERT RACK', '2019-12-03 21:41:52'),
('1912032142021404373', 'RIANI', 'INSERT RACK', '2019-12-03 21:42:02'),
('1912032142144094233', 'RIANI', 'INSERT RACK', '2019-12-03 21:42:14'),
('1912032142301211152', 'RIANI', 'INSERT RACK', '2019-12-03 21:42:30'),
('1912032142455810849', 'RIANI', 'INSERT RACK', '2019-12-03 21:42:45'),
('1912032143008726377', 'RIANI', 'INSERT RACK', '2019-12-03 21:43:00'),
('1912032143125235755', 'RIANI', 'INSERT RACK', '2019-12-03 21:43:12'),
('1912032143223949937', 'RIANI', 'INSERT RACK', '2019-12-03 21:43:22'),
('1912032143339035630', 'RIANI', 'INSERT RACK', '2019-12-03 21:43:33'),
('1912032143462437388', 'RIANI', 'INSERT RACK', '2019-12-03 21:43:46'),
('1912032143586099441', 'RIANI', 'INSERT RACK', '2019-12-03 21:43:58'),
('1912032144121966430', 'RIANI', 'INSERT RACK', '2019-12-03 21:44:12'),
('1912032144243093765', 'RIANI', 'INSERT RACK', '2019-12-03 21:44:24'),
('1912032144379203819', 'RIANI', 'INSERT RACK', '2019-12-03 21:44:37'),
('1912032144506685380', 'RIANI', 'INSERT RACK', '2019-12-03 21:44:50'),
('1912032145044149532', 'RIANI', 'INSERT RACK', '2019-12-03 21:45:04'),
('1912032145205763063', 'RIANI', 'INSERT RACK', '2019-12-03 21:45:20'),
('1912032145322359248', 'RIANI', 'INSERT RACK', '2019-12-03 21:45:32'),
('1912032145446993582', 'RIANI', 'INSERT RACK', '2019-12-03 21:45:44'),
('1912032145568610876', 'RIANI', 'INSERT RACK', '2019-12-03 21:45:56'),
('1912032146096187818', 'RIANI', 'INSERT RACK', '2019-12-03 21:46:09'),
('1912032149007813865', 'RIANI', 'LOGOUT', '2019-12-03 21:49:00'),
('1912040719477592734', 'RIANI', 'LOGIN', '2019-12-04 07:19:47'),
('1912040720161420032', 'RIANI', 'INSERT RACK', '2019-12-04 07:20:16'),
('1912040720319222898', 'RIANI', 'INSERT RACK', '2019-12-04 07:20:31'),
('1912040720432147036', 'RIANI', 'INSERT RACK', '2019-12-04 07:20:43'),
('1912040720554359553', 'RIANI', 'INSERT RACK', '2019-12-04 07:20:55'),
('1912040721068915747', 'RIANI', 'INSERT RACK', '2019-12-04 07:21:06'),
('1912040721174426848', 'RIANI', 'INSERT RACK', '2019-12-04 07:21:17'),
('1912040721391726044', 'RIANI', 'INSERT RACK', '2019-12-04 07:21:39'),
('1912040721509024520', 'RIANI', 'INSERT RACK', '2019-12-04 07:21:50'),
('1912040722045095476', 'RIANI', 'INSERT RACK', '2019-12-04 07:22:04'),
('1912040722161912957', 'RIANI', 'INSERT RACK', '2019-12-04 07:22:16'),
('1912040722316976949', 'RIANI', 'INSERT RACK', '2019-12-04 07:22:31'),
('1912040722455565394', 'RIANI', 'INSERT RACK', '2019-12-04 07:22:45'),
('1912040722565177999', 'RIANI', 'INSERT RACK', '2019-12-04 07:22:56'),
('1912040727227202463', 'RIANI', 'INSERT RACK', '2019-12-04 07:27:22');
INSERT INTO `tb_log` (`LG_ID`, `UR_ID`, `LG_DESC`, `LG_DATE`) VALUES
('1912040729315022592', 'RIANI', 'INSERT RACK', '2019-12-04 07:29:31'),
('1912040729491575274', 'RIANI', 'INSERT RACK', '2019-12-04 07:29:49'),
('1912040730111893712', 'RIANI', 'INSERT RACK', '2019-12-04 07:30:11'),
('1912040731002691243', 'RIANI', 'INSERT RACK', '2019-12-04 07:31:00'),
('1912040731137638063', 'RIANI', 'INSERT RACK', '2019-12-04 07:31:13'),
('1912040731297567536', 'RIANI', 'INSERT RACK', '2019-12-04 07:31:29'),
('1912040736215992240', 'RIANI', 'LOGOUT', '2019-12-04 07:36:21'),
('1912091403493287418', 'ADMIN', 'LOGIN', '2019-12-09 14:03:49'),
('1912101215434279575', 'ADMIN', 'LOGIN', '2019-12-10 12:15:43'),
('1912101222599443321', 'ADMIN', 'INSERT PRODUCT', '2019-12-10 12:22:59'),
('1912101223132083592', 'ADMIN', 'DELETE PRODUCT', '2019-12-10 12:23:13'),
('1912101224439722297', 'ADMIN', 'INSERT PRODUCT', '2019-12-10 12:24:43'),
('1912101225413538650', 'ADMIN', 'INSERT PRODUCT', '2019-12-10 12:25:41'),
('1912101227229544568', 'ADMIN', 'INSERT PRODUCT', '2019-12-10 12:27:22'),
('1912101228288138081', 'ADMIN', 'INSERT PRODUCT', '2019-12-10 12:28:28'),
('1912101231104680172', 'ADMIN', 'INSERT PRODUCT', '2019-12-10 12:31:10'),
('1912101231505418286', 'ADMIN', 'INSERT PRODUCT', '2019-12-10 12:31:50'),
('1912101415132529097', 'RIANI', 'LOGIN', '2019-12-10 14:15:13'),
('1912101418412421895', 'RIANI', 'LOGOUT', '2019-12-10 14:18:41'),
('1912101439267871976', 'ADMIN', 'LOGIN', '2019-12-10 14:39:26'),
('1912101444181874977', 'ADMIN', 'UPDATE PRODUCT', '2019-12-10 14:44:18'),
('1912101444354858166', 'ADMIN', 'UPDATE PRODUCT', '2019-12-10 14:44:35'),
('1912101444537384474', 'ADMIN', 'UPDATE PRODUCT', '2019-12-10 14:44:53'),
('1912101445096489547', 'ADMIN', 'UPDATE PRODUCT', '2019-12-10 14:45:09'),
('1912101445188011015', 'ADMIN', 'UPDATE PRODUCT', '2019-12-10 14:45:18'),
('1912101445263602614', 'ADMIN', 'UPDATE PRODUCT', '2019-12-10 14:45:26'),
('1912101445358581295', 'ADMIN', 'UPDATE PRODUCT', '2019-12-10 14:45:35'),
('1912111529587468568', 'ADMIN', 'LOGIN', '2019-12-11 15:29:58'),
('1912111530113390591', 'ADMIN', 'LOGIN', '2019-12-11 15:30:11'),
('1912111730587173147', 'ADMIN', 'DELETE PRODUCT', '2019-12-11 17:30:58'),
('1912111731059710212', 'ADMIN', 'DELETE PRODUCT', '2019-12-11 17:31:05'),
('1912111731105032828', 'ADMIN', 'DELETE PRODUCT', '2019-12-11 17:31:10'),
('1912111731142485339', 'ADMIN', 'DELETE PRODUCT', '2019-12-11 17:31:14'),
('1912111731203200612', 'ADMIN', 'DELETE PRODUCT', '2019-12-11 17:31:20'),
('1912111731275169245', 'ADMIN', 'DELETE PRODUCT', '2019-12-11 17:31:27'),
('1912111731311364113', 'ADMIN', 'DELETE PRODUCT', '2019-12-11 17:31:31'),
('1912111732477588452', 'ADMIN', 'INSERT PRODUCT', '2019-12-11 17:32:47'),
('1912111733411155332', 'ADMIN', 'INSERT PRODUCT', '2019-12-11 17:33:41'),
('1912111734532624733', 'ADMIN', 'INSERT PRODUCT', '2019-12-11 17:34:53'),
('1912111735463928236', 'ADMIN', 'INSERT PRODUCT', '2019-12-11 17:35:46'),
('1912111738214500872', 'ADMIN', 'INSERT PRODUCT', '2019-12-11 17:38:21'),
('1912111739105036060', 'ADMIN', 'INSERT PRODUCT', '2019-12-11 17:39:10'),
('1912111740359350561', 'ADMIN', 'INSERT PRODUCT', '2019-12-11 17:40:35'),
('1912111741415257622', 'ADMIN', 'LOGIN', '2019-12-11 17:41:41'),
('1912111743146455329', 'ADMIN', 'INSERT USER', '2019-12-11 17:43:14'),
('1912111743592189919', 'ADMIN', 'LOGOUT', '2019-12-11 17:43:59'),
('1912111744206096730', 'AXEL', 'LOGIN', '2019-12-11 17:44:20'),
('1912130822168092753', 'ADMIN', 'LOGIN', '2019-12-13 08:22:16'),
('1912130848489824241', 'ADMIN', 'INSERT PRODUCT INBOUND', '2019-12-13 08:48:48'),
('1912130859086371755', 'ADMIN', 'INSERT PRODUCT INBOUND DETAIL', '2019-12-13 08:59:08'),
('1912130900345574224', 'ADMIN', 'LOGOUT', '2019-12-13 09:00:34'),
('1912130900413038466', 'AXEL', 'LOGIN', '2019-12-13 09:00:41'),
('1912130901067680160', 'AXEL', 'APPROVE INBOUND DATA', '2019-12-13 09:01:06'),
('1912142253004744491', 'ADMIN', 'LOGIN', '2019-12-14 22:53:00'),
('1912160912504539118', 'RIANI', 'LOGIN', '2019-12-16 09:12:50'),
('1912161319515926184', 'ADMIN', 'LOGIN', '2019-12-16 13:19:51'),
('1912161732328474193', 'ADMIN', 'LOGIN', '2019-12-16 17:32:32'),
('1912161737155147024', 'ADMIN', 'LOGIN', '2019-12-16 17:37:15'),
('1912170744507083885', 'RIANI', 'LOGIN', '2019-12-17 07:44:50'),
('1912191311312128831', 'RIANI', 'LOGIN', '2019-12-19 13:11:31'),
('1912191315033166749', 'RIANI', 'INSERT DISTRIBUTOR', '2019-12-19 13:15:03'),
('1912191318375370081', 'RIANI', 'INSERT PRODUCT OUTBOUND', '2019-12-19 13:18:37'),
('1912191319353690560', 'RIANI', 'INSERT PRODUCT OUTBOUND', '2019-12-19 13:19:35'),
('1912191325187980649', 'RIANI', 'INSERT PRODUCT OUTBOUND', '2019-12-19 13:25:18'),
('1912191540011749316', 'RIANI', 'LOGIN', '2019-12-19 15:40:01'),
('1912200743549903168', 'RIANI', 'LOGIN', '2019-12-20 07:43:54'),
('1912200943549351967', 'AXEL', 'LOGIN', '2019-12-20 09:43:54'),
('1912230957315692536', 'RIANI', 'LOGIN', '2019-12-23 09:57:31'),
('2001091154464879513', 'RIANI', 'LOGIN', '2020-01-09 11:54:46'),
('2001091157064700568', 'RIANI', 'INSERT PRODUCT OUTBOUND', '2020-01-09 11:57:06'),
('2001091157198326046', 'RIANI', 'INSERT PRODUCT OUTBOUND DETAIL', '2020-01-09 11:57:19'),
('2001091746561725523', 'RIANI', 'LOGIN', '2020-01-09 17:46:56'),
('2001091803315937726', 'RIANI', 'INSERT DISTRIBUTOR', '2020-01-09 18:03:31'),
('2001091804339370171', 'RIANI', 'INSERT DISTRIBUTOR', '2020-01-09 18:04:33'),
('2001091808477752092', 'RIANI', 'UPDATE DISTRIBUTOR', '2020-01-09 18:08:47'),
('2001091809034348177', 'RIANI', 'UPDATE DISTRIBUTOR', '2020-01-09 18:09:03'),
('2001091810062749873', 'RIANI', 'INSERT DISTRIBUTOR', '2020-01-09 18:10:06'),
('2001091812413911171', 'RIANI', 'UPDATE DISTRIBUTOR', '2020-01-09 18:12:41'),
('2001091817054603957', 'RIANI', 'INSERT DISTRIBUTOR', '2020-01-09 18:17:05'),
('2001091818089101875', 'RIANI', 'INSERT DISTRIBUTOR', '2020-01-09 18:18:08'),
('2001091821075445421', 'RIANI', 'INSERT DISTRIBUTOR', '2020-01-09 18:21:07'),
('2001091822587167459', 'RIANI', 'INSERT DISTRIBUTOR', '2020-01-09 18:22:58'),
('2001091823584497021', 'RIANI', 'INSERT DISTRIBUTOR', '2020-01-09 18:23:58'),
('2001091824345915593', 'RIANI', 'UPDATE DISTRIBUTOR', '2020-01-09 18:24:34'),
('2001091826466330277', 'RIANI', 'INSERT DISTRIBUTOR', '2020-01-09 18:26:46'),
('2001091827349015855', 'RIANI', 'INSERT DISTRIBUTOR', '2020-01-09 18:27:34'),
('2001091828396250565', 'RIANI', 'INSERT DISTRIBUTOR', '2020-01-09 18:28:39'),
('2001091829351410062', 'RIANI', 'INSERT DISTRIBUTOR', '2020-01-09 18:29:35'),
('2001091830319075536', 'RIANI', 'INSERT DISTRIBUTOR', '2020-01-09 18:30:31'),
('2001091832334473483', 'RIANI', 'INSERT DISTRIBUTOR', '2020-01-09 18:32:33'),
('2001091834127116177', 'RIANI', 'INSERT DISTRIBUTOR', '2020-01-09 18:34:12'),
('2001091835175031423', 'RIANI', 'INSERT DISTRIBUTOR', '2020-01-09 18:35:17'),
('2001091836088324640', 'RIANI', 'INSERT DISTRIBUTOR', '2020-01-09 18:36:08'),
('2001091838437861551', 'RIANI', 'INSERT DISTRIBUTOR', '2020-01-09 18:38:43'),
('2001091846413929541', 'RIANI', 'INSERT DISTRIBUTOR', '2020-01-09 18:46:41'),
('2001091847325009290', 'RIANI', 'INSERT DISTRIBUTOR', '2020-01-09 18:47:32'),
('2001091849431225339', 'RIANI', 'INSERT DISTRIBUTOR', '2020-01-09 18:49:43'),
('2001091850412439480', 'RIANI', 'INSERT DISTRIBUTOR', '2020-01-09 18:50:41'),
('2001091851578798220', 'RIANI', 'INSERT DISTRIBUTOR', '2020-01-09 18:51:57'),
('2001091852385832716', 'RIANI', 'INSERT DISTRIBUTOR', '2020-01-09 18:52:38'),
('2001091854185172222', 'RIANI', 'INSERT DISTRIBUTOR', '2020-01-09 18:54:18'),
('2001091856202732720', 'RIANI', 'INSERT DISTRIBUTOR', '2020-01-09 18:56:20'),
('2001091903106018843', 'RIANI', 'INSERT EKSPEDISI', '2020-01-09 19:03:10'),
('2001091914447770462', 'RIANI', 'LOGOUT', '2020-01-09 19:14:44'),
('2001100923587332051', 'RIANI', 'LOGIN', '2020-01-10 09:23:58'),
('2001100924142642672', 'AXEL', 'LOGIN', '2020-01-10 09:24:14'),
('2001101141467915379', 'ADMIN', 'LOGIN', '2020-01-10 11:41:46'),
('2001131553576805263', 'AXEL', 'LOGIN', '2020-01-13 15:53:57'),
('2001141637553998242', 'AXEL', 'LOGIN', '2020-01-14 16:37:55'),
('2001141641337271850', 'AXEL', 'INSERT PRODUCT', '2020-01-14 16:41:33'),
('2001141643233560351', 'AXEL', 'INSERT PRODUCT', '2020-01-14 16:43:23'),
('2001141645459050593', 'AXEL', 'INSERT PRODUCT', '2020-01-14 16:45:45'),
('2001141648089234275', 'AXEL', 'INSERT PRODUCT', '2020-01-14 16:48:08'),
('2001141649169881112', 'AXEL', 'INSERT PRODUCT', '2020-01-14 16:49:16'),
('2001151336317118534', 'ADMIN', 'LOGIN', '2020-01-15 13:36:31'),
('2002060423496697896', 'ADMIN', 'INSERT PRODUCT OUTBOUND', '2020-02-06 04:23:49'),
('2002060423527870050', 'ADMIN', 'INSERT PRODUCT OUTBOUND DETAIL', '2020-02-06 04:23:52'),
('2002061009461375058', 'ADMIN', 'LOGIN', '2020-02-06 10:09:46'),
('2002061024137550737', 'ADMIN', 'APPROVE OUTBOUND DATA', '2020-02-06 10:24:13'),
('2002101319182903355', 'ADMIN', 'INSERT PRODUCT OUTBOUND', '2020-02-10 13:19:18'),
('2002101319201182191', 'ADMIN', 'INSERT PRODUCT OUTBOUND DETAIL', '2020-02-10 13:19:20'),
('2002101321116869227', 'ADMIN', 'INSERT PRODUCT OUTBOUND', '2020-02-10 13:21:11'),
('2002101321138185246', 'ADMIN', 'INSERT PRODUCT OUTBOUND DETAIL', '2020-02-10 13:21:13'),
('2002101917013919571', 'ADMIN', 'LOGIN', '2020-02-10 19:17:01'),
('2002101918314666350', 'ADMIN', 'INSERT PRODUCT INBOUND', '2020-02-10 19:18:31'),
('2002101918367352182', 'ADMIN', 'INSERT PRODUCT INBOUND DETAIL', '2020-02-10 19:18:36'),
('2002101918537026394', 'ADMIN', 'APPROVE INBOUND DATA', '2020-02-10 19:18:53'),
('2002101919333706573', 'ADMIN', 'APPROVE OUTBOUND DATA', '2020-02-10 19:19:33'),
('2002101921233574273', 'ADMIN', 'APPROVE OUTBOUND DATA', '2020-02-10 19:21:23'),
('2002131505077266947', 'ADMIN', 'LOGIN', '2020-02-13 15:05:07'),
('2002141658114881173', 'ADMIN', 'LOGIN', '2020-02-14 16:58:11');

-- --------------------------------------------------------

--
-- Struktur dari tabel `tb_product`
--

CREATE TABLE `tb_product` (
  `PT_ID` varchar(150) NOT NULL DEFAULT '-',
  `PT_NAME` varchar(150) NOT NULL DEFAULT '-',
  `PT_UNIT` varchar(20) NOT NULL DEFAULT '-',
  `PT_UNIT_MAX` bigint(20) NOT NULL DEFAULT '0',
  `PT_UNIT_MAX_EXT` bigint(20) NOT NULL DEFAULT '0',
  `PT_DIMENSION` varchar(150) NOT NULL DEFAULT '-',
  `PT_WEIGHT` varchar(150) NOT NULL DEFAULT '-' COMMENT 'IN KG',
  `PT_VOLUME` varchar(150) NOT NULL DEFAULT '-' COMMENT 'IN CBM',
  `PT_TYPE` varchar(5) NOT NULL DEFAULT '-' COMMENT 'SN,BATCH',
  `PT_IS_MANUFDATE` varchar(3) NOT NULL DEFAULT '-' COMMENT 'NO,YES',
  `PTCY_ID` varchar(150) NOT NULL DEFAULT '-',
  `SR_ID` varchar(150) NOT NULL DEFAULT '-',
  `SE_ID` varchar(150) NOT NULL,
  `PT_IMAGE_TYPE` varchar(20) NOT NULL DEFAULT '-',
  `PT_IMAGE` longtext NOT NULL
) ENGINE=InnoDB DEFAULT CHARSET=latin1;

--
-- Dumping data untuk tabel `tb_product`
--

INSERT INTO `tb_product` (`PT_ID`, `PT_NAME`, `PT_UNIT`, `PT_UNIT_MAX`, `PT_UNIT_MAX_EXT`, `PT_DIMENSION`, `PT_WEIGHT`, `PT_VOLUME`, `PT_TYPE`, `PT_IS_MANUFDATE`, `PTCY_ID`, `SR_ID`, `SE_ID`, `PT_IMAGE_TYPE`, `PT_IMAGE`) VALUES
('89001', '89001 DIAPER PANTS HUGGIES M JMB 40X4', 'PCS', 24, 0, '425mm x 300mm x 445mm', '5.50', '0.057', 'NONE', 'YES', 'PKRT', 'SPL002', '', '', ''),
('89002', '89002 DIAPER PANTS HUGGIES L JMB 36X4', 'PCS', 24, 0, '415mm x 300mm x 455mm', '5.50', '0.057', 'NONE', 'YES', 'PKRT', 'SPL002', '', '', ''),
('89003', '89003 DIAPER PANTS HUGGIES XL JMB 32X4', 'PCS', 27, 0, '375mm x 305mm x 470mm', '5.52', '0.054', 'NONE', 'YES', 'PKRT', 'SPL002', '', '', ''),
('89010', '89010 D/PANTS HUG DRY L 20X8', 'PCS', 24, 0, '528mm x 498mm x 236mm', '6.8', '0.062', 'NONE', 'YES', 'PKRT', 'SPL002', '', '', ''),
('89011', '89011 D/PANTS HUG DRY XL 18X8', 'PCS', 24, 0, '548mm x 488mm x 246mm', '6.56', '0.066', 'NONE', 'YES', 'PKRT', 'SPL002', '', '', ''),
('89024', '89024 D/PANTS HUG GOLD M ECO 26X8', 'PCS', 21, 0, '497mm x 333mm x 392mm', '5.6', '0.065', 'NONE', 'YES', 'PKRT', 'SPL002', '', '', ''),
('89025', '89025 D/PANTS HUG GOLD L ECO 20X8', 'PCS', 21, 0, '477mm x 314mm x 392mm', '4.9', '0.059', 'NONE', 'YES', 'PKRT', 'SPL002', '', '', ''),
('89027', '89027 D/PANTS HUG GOLD XXL ECO 15X8', 'PCS', 24, 0, '465mm x 267mm x 416mm', '4.82', '0.052', 'NONE', 'YES', 'PKRT', 'SPL002', '', '', ''),
('8904', '8904 DIAP HUG U/PANTS UNISEX SJP M 56X3', 'PCS', 36, 0, '433mm x 338mm x 406mm', '6.54', '0.059', 'NONE', 'YES', 'PKRT', 'SPL002', '', '', ''),
('8905', '8905 DIAP HUG U/PANTS UNISEX SJP L 44X3', 'PCS', 36, 0, '433mm x 303mm x 416mm', '5.72', '0.055', 'NONE', 'YES', 'PKRT', 'SPL002', '', '', ''),
('8906B', '8906B DIAP HUG U/PANT UNISEX SJP XL38X3', 'PCS', 36, 0, '453mm x 433mm x 261mm', '5.72', '0.052', 'NONE', 'YES', 'PKRT', 'SPL002', '', '', ''),
('8907B', '8907B DIAP HUG U/PANT UNISEX SJP XXL32X3', 'PCS', 36, 0, '453mm x 433mm x 251mm', '5.72', '0.049', 'NONE', 'YES', 'PKRT', 'SPL002', '', '', '');

-- --------------------------------------------------------

--
-- Struktur dari tabel `tb_product_category`
--

CREATE TABLE `tb_product_category` (
  `PTCY_ID` varchar(150) NOT NULL DEFAULT '-'
) ENGINE=InnoDB DEFAULT CHARSET=latin1;

--
-- Dumping data untuk tabel `tb_product_category`
--

INSERT INTO `tb_product_category` (`PTCY_ID`) VALUES
('GENERAL'),
('HOUSEHOLD'),
('MD TEMP CONTROL'),
('MEDICAL DEVICE'),
('MMA'),
('PKRT');

-- --------------------------------------------------------

--
-- Struktur dari tabel `tb_product_inbound`
--

CREATE TABLE `tb_product_inbound` (
  `PTID_ID` varchar(150) NOT NULL DEFAULT '-',
  `PTID_DATE` datetime NOT NULL,
  `PTID_TGL_TERIMA` date NOT NULL,
  `SR_ID` varchar(150) NOT NULL DEFAULT '-',
  `PTID_PO_NO` varchar(150) NOT NULL DEFAULT '-',
  `PTID_PACKING_LIST_NO` varchar(150) NOT NULL DEFAULT '-',
  `PTID_PIB_NO` varchar(150) NOT NULL DEFAULT '-',
  `PTID_INVOICE_NO` varchar(150) NOT NULL DEFAULT '-',
  `FR_ID` varchar(150) NOT NULL DEFAULT '-',
  `PTID_CONTAINER_NO` varchar(150) NOT NULL DEFAULT '-',
  `PTID_CONTAINER_PLAT_NO` varchar(150) NOT NULL DEFAULT '-',
  `PTID_SEAL_NO` varchar(150) NOT NULL DEFAULT '-',
  `UR_ID` varchar(150) NOT NULL DEFAULT '-',
  `PTID_STATUS` varchar(10) NOT NULL DEFAULT '-' COMMENT 'WAITING,APPROVE',
  `PTID_APP_BY` varchar(150) NOT NULL DEFAULT '-',
  `PTID_QTY_TOTAL` bigint(20) NOT NULL DEFAULT '0'
) ENGINE=InnoDB DEFAULT CHARSET=latin1;

--
-- Dumping data untuk tabel `tb_product_inbound`
--

INSERT INTO `tb_product_inbound` (`PTID_ID`, `PTID_DATE`, `PTID_TGL_TERIMA`, `SR_ID`, `PTID_PO_NO`, `PTID_PACKING_LIST_NO`, `PTID_PIB_NO`, `PTID_INVOICE_NO`, `FR_ID`, `PTID_CONTAINER_NO`, `PTID_CONTAINER_PLAT_NO`, `PTID_SEAL_NO`, `UR_ID`, `PTID_STATUS`, `PTID_APP_BY`, `PTID_QTY_TOTAL`) VALUES
('IN/100220/9212', '2020-02-10 19:18:53', '2020-02-10', 'SPL001', '1234', '12345', '123456', '1234567', 'FWD001', '12345', '12345', '12345', 'ADMIN', 'APPROVE', 'ADMIN', 100);

-- --------------------------------------------------------

--
-- Struktur dari tabel `tb_product_inbound_detail`
--

CREATE TABLE `tb_product_inbound_detail` (
  `PTIDDL_ID` varchar(150) NOT NULL DEFAULT '-',
  `PTIDDL_DATE` datetime NOT NULL,
  `PTID_ID` varchar(150) NOT NULL DEFAULT '-',
  `PT_ID` varchar(150) NOT NULL DEFAULT '-',
  `RK_ID` varchar(150) NOT NULL DEFAULT '-',
  `SE_ID` varchar(100) NOT NULL,
  `PTIDDL_LABEL` varchar(150) NOT NULL DEFAULT '-',
  `PTIDDL_NO` varchar(150) NOT NULL DEFAULT '-',
  `PTIDDL_MANUFDATE` varchar(150) NOT NULL DEFAULT '-',
  `PTIDDL_EXPIRED` varchar(10) NOT NULL DEFAULT '-',
  `PTIDDL_QTY` bigint(20) NOT NULL DEFAULT '0',
  `PTIDDL_QTY_GOOD` bigint(20) NOT NULL DEFAULT '0',
  `PTIDDL_QTY_BAD` bigint(20) NOT NULL DEFAULT '0'
) ENGINE=InnoDB DEFAULT CHARSET=latin1;

--
-- Dumping data untuk tabel `tb_product_inbound_detail`
--

INSERT INTO `tb_product_inbound_detail` (`PTIDDL_ID`, `PTIDDL_DATE`, `PTID_ID`, `PT_ID`, `RK_ID`, `SE_ID`, `PTIDDL_LABEL`, `PTIDDL_NO`, `PTIDDL_MANUFDATE`, `PTIDDL_EXPIRED`, `PTIDDL_QTY`, `PTIDDL_QTY_GOOD`, `PTIDDL_QTY_BAD`) VALUES
('2002101918532443596', '2020-02-10 19:18:53', 'IN/100220/9212', '89001', 'A01-5-0', 'PKRT', '89001[]89001 DIAPER PANTS HUGGIES M JMB 40X4[]A01-5-0[]2020-02-10[]4[]89001SN2020021020200', 'SN', 'NO', '2020-03-07', 4, 4, 0),
('2002101918535075966', '2020-02-10 19:18:53', 'IN/100220/9212', '89001', 'A01-1-0', 'PKRT', '89001[]89001 DIAPER PANTS HUGGIES M JMB 40X4[]A01-1-0[]2020-02-10[]24[]89001SN2020021020200', 'SN', 'NO', '2020-03-07', 24, 24, 0),
('2002101918536450161', '2020-02-10 19:18:53', 'IN/100220/9212', '89001', 'A01-4-0', 'PKRT', '89001[]89001 DIAPER PANTS HUGGIES M JMB 40X4[]A01-4-0[]2020-02-10[]24[]89001SN2020021020200', 'SN', 'NO', '2020-03-07', 24, 24, 0),
('2002101918536580990', '2020-02-10 19:18:53', 'IN/100220/9212', '89001', 'A01-3-0', 'PKRT', '89001[]89001 DIAPER PANTS HUGGIES M JMB 40X4[]A01-3-0[]2020-02-10[]24[]89001SN2020021020200', 'SN', 'NO', '2020-03-07', 24, 24, 0),
('2002101918538981637', '2020-02-10 19:18:53', 'IN/100220/9212', '89001', 'A01-2-0', 'PKRT', '89001[]89001 DIAPER PANTS HUGGIES M JMB 40X4[]A01-2-0[]2020-02-10[]24[]89001SN2020021020200', 'SN', 'NO', '2020-03-07', 24, 24, 0);

-- --------------------------------------------------------

--
-- Struktur dari tabel `tb_product_outbound`
--

CREATE TABLE `tb_product_outbound` (
  `PTOD_ID` varchar(150) NOT NULL DEFAULT '-',
  `PTOD_DATE` datetime NOT NULL,
  `PTOD_TGL_KIRIM` date NOT NULL,
  `PTOD_DO_NO` varchar(150) NOT NULL DEFAULT '-',
  `PTOD_ORDER_NO` varchar(150) NOT NULL DEFAULT '-',
  `DR_ID` varchar(150) NOT NULL DEFAULT '-',
  `PTOD_TRUCK_TYPE` varchar(150) NOT NULL DEFAULT '-',
  `PTOD_TRUCK_NO` varchar(150) NOT NULL DEFAULT '-',
  `PTOD_DRIVER` varchar(150) NOT NULL DEFAULT '-',
  `EI_ID` varchar(150) NOT NULL DEFAULT '-',
  `PTOD_SEAL_NO` varchar(150) NOT NULL DEFAULT '-',
  `UR_ID` varchar(150) NOT NULL DEFAULT '-',
  `PTOD_STATUS` varchar(10) NOT NULL DEFAULT '-' COMMENT 'WAITING,APPROVE',
  `PTOD_APP_BY` varchar(150) NOT NULL DEFAULT '-',
  `PTOD_QTY_TOTAL` bigint(20) NOT NULL DEFAULT '0',
  `UPLOAD_DN` varchar(255) DEFAULT NULL,
  `TGL_DITERIMA` varchar(125) DEFAULT NULL,
  `TGL_KEMBALI` varchar(125) DEFAULT NULL
) ENGINE=InnoDB DEFAULT CHARSET=latin1;

--
-- Dumping data untuk tabel `tb_product_outbound`
--

INSERT INTO `tb_product_outbound` (`PTOD_ID`, `PTOD_DATE`, `PTOD_TGL_KIRIM`, `PTOD_DO_NO`, `PTOD_ORDER_NO`, `DR_ID`, `PTOD_TRUCK_TYPE`, `PTOD_TRUCK_NO`, `PTOD_DRIVER`, `EI_ID`, `PTOD_SEAL_NO`, `UR_ID`, `PTOD_STATUS`, `PTOD_APP_BY`, `PTOD_QTY_TOTAL`, `UPLOAD_DN`, `TGL_DITERIMA`, `TGL_KEMBALI`) VALUES
('OUT/100220/2702', '2020-02-10 19:21:23', '2020-02-10', 'MM/DN/02/2020/124', '098', 'DST001', '123', '231', '321', 'EKS001', '312', 'ADMIN', 'APPROVE', 'ADMIN', 76, '', '', '');

-- --------------------------------------------------------

--
-- Struktur dari tabel `tb_product_outbound_detail`
--

CREATE TABLE `tb_product_outbound_detail` (
  `PTODDL_ID` varchar(150) NOT NULL DEFAULT '-',
  `PTIDDL_ID` varchar(150) NOT NULL,
  `PTODDL_DATE` datetime NOT NULL,
  `PTOD_ID` varchar(150) NOT NULL DEFAULT '-',
  `PT_ID` varchar(150) NOT NULL DEFAULT '-',
  `RK_ID` varchar(150) NOT NULL DEFAULT '-',
  `SE_ID` varchar(100) NOT NULL,
  `PTODDL_LABEL` varchar(150) NOT NULL DEFAULT '-',
  `PTODDL_NO` varchar(150) NOT NULL DEFAULT '-',
  `PTODDL_MANUFDATE` varchar(150) NOT NULL DEFAULT '-',
  `PTODDL_EXPIRED` varchar(10) NOT NULL DEFAULT '-',
  `PTODDL_QTY` bigint(20) NOT NULL DEFAULT '0',
  `PTODDL_STOCK_INBOUND` varchar(150) NOT NULL,
  `PTODDL_QTY_GOOD` bigint(20) NOT NULL DEFAULT '0',
  `PTODDL_QTY_BAD` bigint(20) NOT NULL DEFAULT '0'
) ENGINE=InnoDB DEFAULT CHARSET=latin1;

--
-- Dumping data untuk tabel `tb_product_outbound_detail`
--

INSERT INTO `tb_product_outbound_detail` (`PTODDL_ID`, `PTIDDL_ID`, `PTODDL_DATE`, `PTOD_ID`, `PT_ID`, `RK_ID`, `SE_ID`, `PTODDL_LABEL`, `PTODDL_NO`, `PTODDL_MANUFDATE`, `PTODDL_EXPIRED`, `PTODDL_QTY`, `PTODDL_STOCK_INBOUND`, `PTODDL_QTY_GOOD`, `PTODDL_QTY_BAD`) VALUES
('2002101321133914934', '', '2020-02-10 19:21:22', 'OUT/100220/2702', '89001', 'A01-3-0', '', '89001[]89001 DIAPER PANTS HUGGIES M JMB 40X4[]A01-3-0[]2020-02-10[]24[]89001SN2020021020200', 'SN', 'NO', '2020-03-07', 24, '-24', 24, 0),
('2002101321134622947', '', '2020-02-10 19:21:22', 'OUT/100220/2702', '89001', 'A01-4-0', '', '89001[]89001 DIAPER PANTS HUGGIES M JMB 40X4[]A01-4-0[]2020-02-10[]24[]89001SN2020021020200', 'SN', 'NO', '2020-03-07', 24, '-24', 24, 0),
('2002101321137501646', '', '2020-02-10 19:21:22', 'OUT/100220/2702', '89001', 'A01-5-0', '', '89001[]89001 DIAPER PANTS HUGGIES M JMB 40X4[]A01-5-0[]2020-02-10[]4[]89001SN2020021020200', 'SN', 'NO', '2020-03-07', 4, '-4', 4, 0),
('2002101321138955033', '', '2020-02-10 19:21:22', 'OUT/100220/2702', '89001', 'A01-1-0', '', '89001[]89001 DIAPER PANTS HUGGIES M JMB 40X4[]A01-1-0[]2020-02-10[]24[]89001SN2020021020200', 'SN', 'NO', '2020-03-07', 24, '-24', 24, 0);

-- --------------------------------------------------------

--
-- Struktur dari tabel `tb_product_quarantine`
--

CREATE TABLE `tb_product_quarantine` (
  `PTQE_ID` varchar(255) NOT NULL,
  `PTIDDL_ID` varchar(150) NOT NULL,
  `PTID_ID` varchar(150) NOT NULL,
  `PT_ID` varchar(150) NOT NULL,
  `PTQE_NAME` varchar(100) NOT NULL,
  `PTQE_DATE` datetime NOT NULL,
  `PTQE_NO` varchar(150) NOT NULL DEFAULT '-',
  `PTQE_EXPIRED` varchar(10) NOT NULL DEFAULT '-',
  `PTQE_QTY` bigint(20) NOT NULL,
  `PTQE_STATUS` varchar(10) NOT NULL DEFAULT '-' COMMENT 'WAITING,DESTROY,RESTOCK,RETURN,SAMPLE'
) ENGINE=InnoDB DEFAULT CHARSET=latin1;

-- --------------------------------------------------------

--
-- Struktur dari tabel `tb_product_return`
--

CREATE TABLE `tb_product_return` (
  `PTRN_ID` bigint(20) NOT NULL,
  `PTID_ID` varchar(150) NOT NULL,
  `PT_ID` varchar(150) NOT NULL,
  `PTRN_NAME` varchar(255) NOT NULL,
  `PTRN_DATE` datetime NOT NULL,
  `PTRN_NO` varchar(255) NOT NULL,
  `PTRN_EXPIRED` varchar(255) NOT NULL,
  `PTRN_QTY` bigint(20) NOT NULL,
  `PTRN_STATUS` varchar(255) NOT NULL DEFAULT 'RETURN'
) ENGINE=InnoDB DEFAULT CHARSET=latin1;

-- --------------------------------------------------------

--
-- Struktur dari tabel `tb_product_sample`
--

CREATE TABLE `tb_product_sample` (
  `PTSP_ID` bigint(20) NOT NULL,
  `PTID_ID` varchar(150) NOT NULL,
  `PT_ID` varchar(150) NOT NULL,
  `PTSP_NAME` varchar(255) NOT NULL,
  `PTSP_DATE` datetime NOT NULL,
  `PTSP_NO` varchar(255) NOT NULL,
  `PTSP_EXPIRED` varchar(255) NOT NULL,
  `PTSP_QTY` bigint(20) NOT NULL,
  `PTSP_STATUS` varchar(255) NOT NULL DEFAULT 'SAMPLE'
) ENGINE=InnoDB DEFAULT CHARSET=latin1;

-- --------------------------------------------------------

--
-- Struktur dari tabel `tb_rack`
--

CREATE TABLE `tb_rack` (
  `RK_ID` varchar(150) NOT NULL DEFAULT '-',
  `RK_TYPE` varchar(150) NOT NULL DEFAULT '-',
  `RK_SUBRACK` double NOT NULL DEFAULT '0',
  `RK_LEVEL` double NOT NULL DEFAULT '0',
  `SE_ID` varchar(150) NOT NULL DEFAULT '-',
  `RK_STATUS` int(11) NOT NULL DEFAULT '1'
) ENGINE=InnoDB DEFAULT CHARSET=latin1;

--
-- Dumping data untuk tabel `tb_rack`
--

INSERT INTO `tb_rack` (`RK_ID`, `RK_TYPE`, `RK_SUBRACK`, `RK_LEVEL`, `SE_ID`, `RK_STATUS`) VALUES
('A01-1-0', 'DRIVE IN', 6, 1, 'PKRT', 1),
('A01-2-0', 'DRIVE IN', 6, 1, 'PKRT', 1),
('A01-3-0', 'DRIVE IN', 6, 1, 'PKRT', 1),
('A01-4-0', 'DRIVE IN', 6, 1, 'PKRT', 1),
('A01-5-0', 'DRIVE IN', 6, 1, 'PKRT', 1),
('A01-6-0', 'DRIVE IN', 6, 1, 'PKRT', 1),
('A02-1-0', 'DRIVE IN', 6, 1, 'PKRT', 1),
('A02-2-0', 'DRIVE IN', 6, 1, 'PKRT', 1),
('A02-3-0', 'DRIVE IN', 6, 1, 'PKRT', 1),
('A02-4-0', 'DRIVE IN', 6, 1, 'PKRT', 1),
('A02-5-0', 'DRIVE IN', 6, 1, 'PKRT', 1),
('A02-6-0', 'DRIVE IN', 6, 1, 'PKRT', 1),
('A03-1-0', 'DRIVE IN', 6, 1, 'PKRT', 1),
('A03-2-0', 'DRIVE IN', 6, 1, 'PKRT', 1),
('A03-3-0', 'DRIVE IN', 6, 1, 'PKRT', 1),
('A03-4-0', 'DRIVE IN', 6, 1, 'PKRT', 1),
('A03-5-0', 'DRIVE IN', 6, 1, 'PKRT', 1),
('A03-6-0', 'DRIVE IN', 6, 1, 'PKRT', 1),
('A04-1-0', 'DRIVE IN', 6, 1, 'PKRT', 1),
('A04-2-0', 'DRIVE IN', 6, 1, 'PKRT', 1),
('A04-3-0', 'DRIVE IN', 6, 1, 'PKRT', 1),
('A04-4-0', 'DRIVE IN', 6, 1, 'PKRT', 1),
('A04-5-0', 'DRIVE IN', 6, 1, 'PKRT', 1),
('A04-6-0', 'DRIVE IN', 6, 1, 'PKRT', 1),
('A05-1-0', 'DRIVE IN', 6, 1, 'PKRT', 1),
('A05-2-0', 'DRIVE IN', 6, 1, 'PKRT', 1),
('A05-3-0', 'DRIVE IN', 6, 1, 'PKRT', 1),
('A05-4-0', 'DRIVE IN', 6, 1, 'PKRT', 1),
('A05-5-0', 'DRIVE IN', 6, 1, 'PKRT', 1),
('A05-6-0', 'DRIVE IN', 6, 1, 'PKRT', 1),
('A06-1-0', 'DRIVE IN', 6, 1, 'PKRT', 1),
('A06-2-0', 'DRIVE IN', 6, 1, 'PKRT', 1),
('A06-3-0', 'DRIVE IN', 6, 1, 'PKRT', 1),
('A06-4-0', 'DRIVE IN', 6, 1, 'PKRT', 1),
('A06-5-0', 'DRIVE IN', 6, 1, 'PKRT', 1),
('A06-6-0', 'DRIVE IN', 6, 1, 'PKRT', 1),
('A07-1-0', 'DRIVE IN', 6, 1, 'PKRT', 1),
('A07-2-0', 'DRIVE IN', 6, 1, 'PKRT', 1),
('A07-3-0', 'DRIVE IN', 6, 1, 'PKRT', 1),
('A07-4-0', 'DRIVE IN', 6, 1, 'PKRT', 1),
('A07-5-0', 'DRIVE IN', 6, 1, 'PKRT', 1),
('A07-6-0', 'DRIVE IN', 6, 1, 'PKRT', 1),
('A08-1-0', 'DRIVE IN', 6, 1, 'PKRT', 1),
('A08-2-0', 'DRIVE IN', 6, 1, 'PKRT', 1),
('A08-3-0', 'DRIVE IN', 6, 1, 'PKRT', 1),
('A08-4-0', 'DRIVE IN', 6, 1, 'PKRT', 1),
('A08-5-0', 'DRIVE IN', 6, 1, 'PKRT', 1),
('A08-6-0', 'DRIVE IN', 6, 1, 'PKRT', 1),
('A09-1-0', 'DRIVE IN', 6, 1, 'PKRT', 1),
('A09-2-0', 'DRIVE IN', 6, 1, 'PKRT', 1),
('A09-3-0', 'DRIVE IN', 6, 1, 'PKRT', 1),
('A09-4-0', 'DRIVE IN', 6, 1, 'PKRT', 1),
('A09-5-0', 'DRIVE IN', 6, 1, 'PKRT', 1),
('A09-6-0', 'DRIVE IN', 6, 1, 'PKRT', 1),
('A10-1-0', 'DRIVE IN', 6, 1, 'PKRT', 1),
('A10-2-0', 'DRIVE IN', 6, 1, 'PKRT', 1),
('A10-3-0', 'DRIVE IN', 6, 1, 'PKRT', 1),
('A10-4-0', 'DRIVE IN', 6, 1, 'PKRT', 1),
('A10-5-0', 'DRIVE IN', 6, 1, 'PKRT', 1),
('A10-6-0', 'DRIVE IN', 6, 1, 'PKRT', 1),
('A11-1-0', 'DRIVE IN', 6, 1, 'PKRT', 1),
('A11-2-0', 'DRIVE IN', 6, 1, 'PKRT', 1),
('A11-3-0', 'DRIVE IN', 6, 1, 'PKRT', 1),
('A11-4-0', 'DRIVE IN', 6, 1, 'PKRT', 1),
('A11-5-0', 'DRIVE IN', 6, 1, 'PKRT', 1),
('A11-6-0', 'DRIVE IN', 6, 1, 'PKRT', 1),
('A12-1-0', 'DRIVE IN', 6, 1, 'PKRT', 1),
('A12-2-0', 'DRIVE IN', 6, 1, 'PKRT', 1),
('A12-3-0', 'DRIVE IN', 6, 1, 'PKRT', 1),
('A12-4-0', 'DRIVE IN', 6, 1, 'PKRT', 1),
('A12-5-0', 'DRIVE IN', 6, 1, 'PKRT', 1),
('A12-6-0', 'DRIVE IN', 6, 1, 'PKRT', 1),
('A13-1-0', 'DRIVE IN', 6, 1, 'PKRT', 1),
('A13-2-0', 'DRIVE IN', 6, 1, 'PKRT', 1),
('A13-3-0', 'DRIVE IN', 6, 1, 'PKRT', 1),
('A13-4-0', 'DRIVE IN', 6, 1, 'PKRT', 1),
('A13-5-0', 'DRIVE IN', 6, 1, 'PKRT', 1),
('A13-6-0', 'DRIVE IN', 6, 1, 'PKRT', 1),
('A14-1-0', 'DRIVE IN', 6, 1, 'PKRT', 1),
('A14-2-0', 'DRIVE IN', 6, 1, 'PKRT', 1),
('A14-3-0', 'DRIVE IN', 6, 1, 'PKRT', 1),
('A14-4-0', 'DRIVE IN', 6, 1, 'PKRT', 1),
('A14-5-0', 'DRIVE IN', 6, 1, 'PKRT', 1),
('A14-6-0', 'DRIVE IN', 6, 1, 'PKRT', 1),
('A15-1-0', 'DRIVE IN', 6, 1, 'PKRT', 1),
('A15-2-0', 'DRIVE IN', 6, 1, 'PKRT', 1),
('A15-3-0', 'DRIVE IN', 6, 1, 'PKRT', 1),
('A15-4-0', 'DRIVE IN', 6, 1, 'PKRT', 1),
('A15-5-0', 'DRIVE IN', 6, 1, 'PKRT', 1),
('A15-6-0', 'DRIVE IN', 6, 1, 'PKRT', 1),
('A16-1-0', 'DRIVE IN', 6, 1, 'PKRT', 1),
('A16-2-0', 'DRIVE IN', 6, 1, 'PKRT', 1),
('A16-3-0', 'DRIVE IN', 6, 1, 'PKRT', 1),
('A16-4-0', 'DRIVE IN', 6, 1, 'PKRT', 1),
('A16-5-0', 'DRIVE IN', 6, 1, 'PKRT', 1),
('A16-6-0', 'DRIVE IN', 6, 1, 'PKRT', 1),
('A17-1-0', 'DRIVE IN', 6, 1, 'PKRT', 1),
('A17-2-0', 'DRIVE IN', 6, 1, 'PKRT', 1),
('A17-3-0', 'DRIVE IN', 6, 1, 'PKRT', 1),
('A17-4-0', 'DRIVE IN', 6, 1, 'PKRT', 1),
('A17-5-0', 'DRIVE IN', 6, 1, 'PKRT', 1),
('A17-6-0', 'DRIVE IN', 6, 1, 'PKRT', 1),
('A18-1-0', 'DRIVE IN', 6, 1, 'PKRT', 1),
('A18-2-0', 'DRIVE IN', 6, 1, 'PKRT', 1),
('A18-3-0', 'DRIVE IN', 6, 1, 'PKRT', 1),
('A18-4-0', 'DRIVE IN', 6, 1, 'PKRT', 1),
('A18-5-0', 'DRIVE IN', 6, 1, 'PKRT', 1),
('A18-6-0', 'DRIVE IN', 6, 1, 'PKRT', 1),
('A19-1-0', 'DRIVE IN', 6, 1, 'PKRT', 1),
('A19-2-0', 'DRIVE IN', 6, 1, 'PKRT', 1),
('A19-3-0', 'DRIVE IN', 6, 1, 'PKRT', 1),
('A19-4-0', 'DRIVE IN', 6, 1, 'PKRT', 1),
('A19-5-0', 'DRIVE IN', 6, 1, 'PKRT', 1),
('A19-6-0', 'DRIVE IN', 6, 1, 'PKRT', 1),
('A20-1-0', 'DRIVE IN', 6, 1, 'PKRT', 1),
('A20-2-0', 'DRIVE IN', 6, 1, 'PKRT', 1),
('A20-3-0', 'DRIVE IN', 6, 1, 'PKRT', 1),
('A20-4-0', 'DRIVE IN', 6, 1, 'PKRT', 1),
('A20-5-0', 'DRIVE IN', 6, 1, 'PKRT', 1),
('A20-6-0', 'DRIVE IN', 6, 1, 'PKRT', 1),
('A21-1-0', 'DRIVE IN', 6, 1, 'PKRT', 1),
('A21-2-0', 'DRIVE IN', 6, 1, 'PKRT', 1),
('A21-3-0', 'DRIVE IN', 6, 1, 'PKRT', 1),
('A21-4-0', 'DRIVE IN', 6, 1, 'PKRT', 1),
('A21-5-0', 'DRIVE IN', 6, 1, 'PKRT', 1),
('A21-6-0', 'DRIVE IN', 6, 1, 'PKRT', 1),
('A22-1-0', 'DRIVE IN', 6, 1, 'PKRT', 1),
('A22-2-0', 'DRIVE IN', 6, 1, 'PKRT', 1),
('A22-3-0', 'DRIVE IN', 6, 1, 'PKRT', 1),
('A22-4-0', 'DRIVE IN', 6, 1, 'PKRT', 1),
('A22-5-0', 'DRIVE IN', 6, 1, 'PKRT', 1),
('A22-6-0', 'DRIVE IN', 6, 1, 'PKRT', 1),
('A23-1-0', 'DRIVE IN', 6, 1, 'PKRT', 1),
('A23-2-0', 'DRIVE IN', 6, 1, 'PKRT', 1),
('A23-3-0', 'DRIVE IN', 6, 1, 'PKRT', 1),
('A23-4-0', 'DRIVE IN', 6, 1, 'PKRT', 1),
('A23-5-0', 'DRIVE IN', 6, 1, 'PKRT', 1),
('A23-6-0', 'DRIVE IN', 6, 1, 'PKRT', 1),
('A24-1-0', 'DRIVE IN', 6, 1, 'PKRT', 1),
('A24-2-0', 'DRIVE IN', 6, 1, 'PKRT', 1),
('A24-3-0', 'DRIVE IN', 6, 1, 'PKRT', 1),
('A24-4-0', 'DRIVE IN', 6, 1, 'PKRT', 1),
('A24-5-0', 'DRIVE IN', 6, 1, 'PKRT', 1),
('A24-6-0', 'DRIVE IN', 6, 1, 'PKRT', 1),
('A25-1-0', 'DRIVE IN', 6, 1, 'PKRT', 1),
('A25-2-0', 'DRIVE IN', 6, 1, 'PKRT', 1),
('A25-3-0', 'DRIVE IN', 6, 1, 'PKRT', 1),
('A25-4-0', 'DRIVE IN', 6, 1, 'PKRT', 1),
('A25-5-0', 'DRIVE IN', 6, 1, 'PKRT', 1),
('A25-6-0', 'DRIVE IN', 6, 1, 'PKRT', 1),
('B01-1-0', 'DRIVE IN', 6, 1, 'PKRT', 1),
('B01-2-0', 'DRIVE IN', 6, 1, 'PKRT', 1),
('B01-3-0', 'DRIVE IN', 6, 1, 'PKRT', 1),
('B01-4-0', 'DRIVE IN', 6, 1, 'PKRT', 1),
('B01-5-0', 'DRIVE IN', 6, 1, 'PKRT', 1),
('B01-6-0', 'DRIVE IN', 6, 1, 'PKRT', 1),
('B02-1-0', 'DRIVE IN', 6, 1, 'PKRT', 1),
('B02-2-0', 'DRIVE IN', 6, 1, 'PKRT', 1),
('B02-3-0', 'DRIVE IN', 6, 1, 'PKRT', 1),
('B02-4-0', 'DRIVE IN', 6, 1, 'PKRT', 1),
('B02-5-0', 'DRIVE IN', 6, 1, 'PKRT', 1),
('B02-6-0', 'DRIVE IN', 6, 1, 'PKRT', 1),
('B03-1-0', 'DRIVE IN', 6, 1, 'PKRT', 1),
('B03-2-0', 'DRIVE IN', 6, 1, 'PKRT', 1),
('B03-3-0', 'DRIVE IN', 6, 1, 'PKRT', 1),
('B03-4-0', 'DRIVE IN', 6, 1, 'PKRT', 1),
('B03-5-0', 'DRIVE IN', 6, 1, 'PKRT', 1),
('B03-6-0', 'DRIVE IN', 6, 1, 'PKRT', 1),
('B04-1-0', 'DRIVE IN', 6, 1, 'PKRT', 1),
('B04-2-0', 'DRIVE IN', 6, 1, 'PKRT', 1),
('B04-3-0', 'DRIVE IN', 6, 1, 'PKRT', 1),
('B04-4-0', 'DRIVE IN', 6, 1, 'PKRT', 1),
('B04-5-0', 'DRIVE IN', 6, 1, 'PKRT', 1),
('B04-6-0', 'DRIVE IN', 6, 1, 'PKRT', 1),
('B05-1-0', 'DRIVE IN', 6, 1, 'PKRT', 1),
('B05-2-0', 'DRIVE IN', 6, 1, 'PKRT', 1),
('B05-3-0', 'DRIVE IN', 6, 1, 'PKRT', 1),
('B05-4-0', 'DRIVE IN', 6, 1, 'PKRT', 1),
('B05-5-0', 'DRIVE IN', 6, 1, 'PKRT', 1),
('B05-6-0', 'DRIVE IN', 6, 1, 'PKRT', 1),
('B06-1-0', 'DRIVE IN', 6, 1, 'PKRT', 1),
('B06-2-0', 'DRIVE IN', 6, 1, 'PKRT', 1),
('B06-3-0', 'DRIVE IN', 6, 1, 'PKRT', 1),
('B06-4-0', 'DRIVE IN', 6, 1, 'PKRT', 1),
('B06-5-0', 'DRIVE IN', 6, 1, 'PKRT', 1),
('B06-6-0', 'DRIVE IN', 6, 1, 'PKRT', 1),
('B07-1-0', 'DRIVE IN', 6, 1, 'PKRT', 1),
('B07-2-0', 'DRIVE IN', 6, 1, 'PKRT', 1),
('B07-3-0', 'DRIVE IN', 6, 1, 'PKRT', 1),
('B07-4-0', 'DRIVE IN', 6, 1, 'PKRT', 1),
('B07-5-0', 'DRIVE IN', 6, 1, 'PKRT', 1),
('B07-6-0', 'DRIVE IN', 6, 1, 'PKRT', 1),
('B08-1-0', 'DRIVE IN', 6, 1, 'PKRT', 1),
('B08-2-0', 'DRIVE IN', 6, 1, 'PKRT', 1),
('B08-3-0', 'DRIVE IN', 6, 1, 'PKRT', 1),
('B08-4-0', 'DRIVE IN', 6, 1, 'PKRT', 1),
('B08-5-0', 'DRIVE IN', 6, 1, 'PKRT', 1),
('B08-6-0', 'DRIVE IN', 6, 1, 'PKRT', 1),
('B09-1-0', 'DRIVE IN', 6, 1, 'PKRT', 1),
('B09-2-0', 'DRIVE IN', 6, 1, 'PKRT', 1),
('B09-3-0', 'DRIVE IN', 6, 1, 'PKRT', 1),
('B09-4-0', 'DRIVE IN', 6, 1, 'PKRT', 1),
('B09-5-0', 'DRIVE IN', 6, 1, 'PKRT', 1),
('B09-6-0', 'DRIVE IN', 6, 1, 'PKRT', 1),
('B10-1-0', 'DRIVE IN', 6, 1, 'PKRT', 1),
('B10-2-0', 'DRIVE IN', 6, 1, 'PKRT', 1),
('B10-3-0', 'DRIVE IN', 6, 1, 'PKRT', 1),
('B10-4-0', 'DRIVE IN', 6, 1, 'PKRT', 1),
('B10-5-0', 'DRIVE IN', 6, 1, 'PKRT', 1),
('B10-6-0', 'DRIVE IN', 6, 1, 'PKRT', 1),
('B11-1-0', 'DRIVE IN', 6, 1, 'PKRT', 1),
('B11-2-0', 'DRIVE IN', 6, 1, 'PKRT', 1),
('B11-3-0', 'DRIVE IN', 6, 1, 'PKRT', 1),
('B11-4-0', 'DRIVE IN', 6, 1, 'PKRT', 1),
('B11-5-0', 'DRIVE IN', 6, 1, 'PKRT', 1),
('B11-6-0', 'DRIVE IN', 6, 1, 'PKRT', 1),
('B12-1-0', 'DRIVE IN', 6, 1, 'PKRT', 1),
('B12-2-0', 'DRIVE IN', 6, 1, 'PKRT', 1),
('B12-3-0', 'DRIVE IN', 6, 1, 'PKRT', 1),
('B12-4-0', 'DRIVE IN', 6, 1, 'PKRT', 1),
('B12-5-0', 'DRIVE IN', 6, 1, 'PKRT', 1),
('B12-6-0', 'DRIVE IN', 6, 1, 'PKRT', 1),
('B13-1-0', 'DRIVE IN', 6, 1, 'PKRT', 1),
('B13-2-0', 'DRIVE IN', 6, 1, 'PKRT', 1),
('B13-3-0', 'DRIVE IN', 6, 1, 'PKRT', 1),
('B13-4-0', 'DRIVE IN', 6, 1, 'PKRT', 1),
('B13-5-0', 'DRIVE IN', 6, 1, 'PKRT', 1),
('B13-6-0', 'DRIVE IN', 6, 1, 'PKRT', 1),
('B14-1-0', 'DRIVE IN', 6, 1, 'PKRT', 1),
('B14-2-0', 'DRIVE IN', 6, 1, 'PKRT', 1),
('B14-3-0', 'DRIVE IN', 6, 1, 'PKRT', 1),
('B14-4-0', 'DRIVE IN', 6, 1, 'PKRT', 1),
('B14-5-0', 'DRIVE IN', 6, 1, 'PKRT', 1),
('B14-6-0', 'DRIVE IN', 6, 1, 'PKRT', 1),
('B15-1-0', 'DRIVE IN', 6, 1, 'PKRT', 1),
('B15-2-0', 'DRIVE IN', 6, 1, 'PKRT', 1),
('B15-3-0', 'DRIVE IN', 6, 1, 'PKRT', 1),
('B15-4-0', 'DRIVE IN', 6, 1, 'PKRT', 1),
('B15-5-0', 'DRIVE IN', 6, 1, 'PKRT', 1),
('B15-6-0', 'DRIVE IN', 6, 1, 'PKRT', 1),
('B16-1-0', 'DRIVE IN', 6, 1, 'PKRT', 1),
('B16-2-0', 'DRIVE IN', 6, 1, 'PKRT', 1),
('B16-3-0', 'DRIVE IN', 6, 1, 'PKRT', 1),
('B16-4-0', 'DRIVE IN', 6, 1, 'PKRT', 1),
('B16-5-0', 'DRIVE IN', 6, 1, 'PKRT', 1),
('B16-6-0', 'DRIVE IN', 6, 1, 'PKRT', 1),
('B17-1-0', 'DRIVE IN', 6, 1, 'PKRT', 1),
('B17-2-0', 'DRIVE IN', 6, 1, 'PKRT', 1),
('B17-3-0', 'DRIVE IN', 6, 1, 'PKRT', 1),
('B17-4-0', 'DRIVE IN', 6, 1, 'PKRT', 1),
('B17-5-0', 'DRIVE IN', 6, 1, 'PKRT', 1),
('B17-6-0', 'DRIVE IN', 6, 1, 'PKRT', 1),
('B18-1-0', 'DRIVE IN', 6, 1, 'PKRT', 1),
('B18-2-0', 'DRIVE IN', 6, 1, 'PKRT', 1),
('B18-3-0', 'DRIVE IN', 6, 1, 'PKRT', 1),
('B18-4-0', 'DRIVE IN', 6, 1, 'PKRT', 1),
('B18-5-0', 'DRIVE IN', 6, 1, 'PKRT', 1),
('B18-6-0', 'DRIVE IN', 6, 1, 'PKRT', 1),
('B19-1-0', 'DRIVE IN', 6, 1, 'PKRT', 1),
('B19-2-0', 'DRIVE IN', 6, 1, 'PKRT', 1),
('B19-3-0', 'DRIVE IN', 6, 1, 'PKRT', 1),
('B19-4-0', 'DRIVE IN', 6, 1, 'PKRT', 1),
('B19-5-0', 'DRIVE IN', 6, 1, 'PKRT', 1),
('B19-6-0', 'DRIVE IN', 6, 1, 'PKRT', 1),
('B20-1-0', 'DRIVE IN', 6, 1, 'PKRT', 1),
('B20-2-0', 'DRIVE IN', 6, 1, 'PKRT', 1),
('B20-3-0', 'DRIVE IN', 6, 1, 'PKRT', 1),
('B20-4-0', 'DRIVE IN', 6, 1, 'PKRT', 1),
('B20-5-0', 'DRIVE IN', 6, 1, 'PKRT', 1),
('B20-6-0', 'DRIVE IN', 6, 1, 'PKRT', 1),
('B21-1-0', 'DRIVE IN', 6, 1, 'PKRT', 1),
('B21-2-0', 'DRIVE IN', 6, 1, 'PKRT', 1),
('B21-3-0', 'DRIVE IN', 6, 1, 'PKRT', 1),
('B21-4-0', 'DRIVE IN', 6, 1, 'PKRT', 1),
('B21-5-0', 'DRIVE IN', 6, 1, 'PKRT', 1),
('B21-6-0', 'DRIVE IN', 6, 1, 'PKRT', 1),
('B22-1-0', 'DRIVE IN', 6, 1, 'PKRT', 1),
('B22-2-0', 'DRIVE IN', 6, 1, 'PKRT', 1),
('B22-3-0', 'DRIVE IN', 6, 1, 'PKRT', 1),
('B22-4-0', 'DRIVE IN', 6, 1, 'PKRT', 1),
('B22-5-0', 'DRIVE IN', 6, 1, 'PKRT', 1),
('B22-6-0', 'DRIVE IN', 6, 1, 'PKRT', 1),
('B23-1-0', 'DRIVE IN', 6, 1, 'PKRT', 1),
('B23-2-0', 'DRIVE IN', 6, 1, 'PKRT', 1),
('B23-3-0', 'DRIVE IN', 6, 1, 'PKRT', 1),
('B23-4-0', 'DRIVE IN', 6, 1, 'PKRT', 1),
('B23-5-0', 'DRIVE IN', 6, 1, 'PKRT', 1),
('B23-6-0', 'DRIVE IN', 6, 1, 'PKRT', 1),
('B24-1-0', 'DRIVE IN', 6, 1, 'PKRT', 1),
('B24-2-0', 'DRIVE IN', 6, 1, 'PKRT', 1),
('B24-3-0', 'DRIVE IN', 6, 1, 'PKRT', 1),
('B24-4-0', 'DRIVE IN', 6, 1, 'PKRT', 1),
('B24-5-0', 'DRIVE IN', 6, 1, 'PKRT', 1),
('B24-6-0', 'DRIVE IN', 6, 1, 'PKRT', 1),
('B25-1-0', 'DRIVE IN', 6, 1, 'PKRT', 1),
('B25-2-0', 'DRIVE IN', 6, 1, 'PKRT', 1),
('B25-3-0', 'DRIVE IN', 6, 1, 'PKRT', 1),
('B25-4-0', 'DRIVE IN', 6, 1, 'PKRT', 1),
('B25-5-0', 'DRIVE IN', 6, 1, 'PKRT', 1),
('B25-6-0', 'DRIVE IN', 6, 1, 'PKRT', 1),
('B26-1-0', 'DRIVE IN', 6, 1, 'PKRT', 1),
('B26-2-0', 'DRIVE IN', 6, 1, 'PKRT', 1),
('B26-3-0', 'DRIVE IN', 6, 1, 'PKRT', 1),
('B26-4-0', 'DRIVE IN', 6, 1, 'PKRT', 1),
('B26-5-0', 'DRIVE IN', 6, 1, 'PKRT', 1),
('B26-6-0', 'DRIVE IN', 6, 1, 'PKRT', 1),
('B27-1-0', 'DRIVE IN', 6, 1, 'PKRT', 1),
('B27-2-0', 'DRIVE IN', 6, 1, 'PKRT', 1),
('B27-3-0', 'DRIVE IN', 6, 1, 'PKRT', 1),
('B27-4-0', 'DRIVE IN', 6, 1, 'PKRT', 1),
('B27-5-0', 'DRIVE IN', 6, 1, 'PKRT', 1),
('B27-6-0', 'DRIVE IN', 6, 1, 'PKRT', 1),
('B28-1-0', 'DRIVE IN', 6, 1, 'PKRT', 1),
('B28-2-0', 'DRIVE IN', 6, 1, 'PKRT', 1),
('B28-3-0', 'DRIVE IN', 6, 1, 'PKRT', 1),
('B28-4-0', 'DRIVE IN', 6, 1, 'PKRT', 1),
('B28-5-0', 'DRIVE IN', 6, 1, 'PKRT', 1),
('B28-6-0', 'DRIVE IN', 6, 1, 'PKRT', 1),
('B29-1-0', 'DRIVE IN', 6, 1, 'PKRT', 1),
('B29-2-0', 'DRIVE IN', 6, 1, 'PKRT', 1),
('B29-3-0', 'DRIVE IN', 6, 1, 'PKRT', 1),
('B29-4-0', 'DRIVE IN', 6, 1, 'PKRT', 1),
('B29-5-0', 'DRIVE IN', 6, 1, 'PKRT', 1),
('B29-6-0', 'DRIVE IN', 6, 1, 'PKRT', 1),
('B30-1-0', 'DRIVE IN', 6, 1, 'PKRT', 1),
('B30-2-0', 'DRIVE IN', 6, 1, 'PKRT', 1),
('B30-3-0', 'DRIVE IN', 6, 1, 'PKRT', 1),
('B30-4-0', 'DRIVE IN', 6, 1, 'PKRT', 1),
('B30-5-0', 'DRIVE IN', 6, 1, 'PKRT', 1),
('B30-6-0', 'DRIVE IN', 6, 1, 'PKRT', 1),
('B31-1-0', 'DRIVE IN', 6, 1, 'PKRT', 1),
('B31-2-0', 'DRIVE IN', 6, 1, 'PKRT', 1),
('B31-3-0', 'DRIVE IN', 6, 1, 'PKRT', 1),
('B31-4-0', 'DRIVE IN', 6, 1, 'PKRT', 1),
('B31-5-0', 'DRIVE IN', 6, 1, 'PKRT', 1),
('B31-6-0', 'DRIVE IN', 6, 1, 'PKRT', 1),
('B32-1-0', 'DRIVE IN', 6, 1, 'PKRT', 1),
('B32-2-0', 'DRIVE IN', 6, 1, 'PKRT', 1),
('B32-3-0', 'DRIVE IN', 6, 1, 'PKRT', 1),
('B32-4-0', 'DRIVE IN', 6, 1, 'PKRT', 1),
('B32-5-0', 'DRIVE IN', 6, 1, 'PKRT', 1),
('B32-6-0', 'DRIVE IN', 6, 1, 'PKRT', 1),
('B33-1-0', 'DRIVE IN', 6, 1, 'PKRT', 1),
('B33-2-0', 'DRIVE IN', 6, 1, 'PKRT', 1),
('B33-3-0', 'DRIVE IN', 6, 1, 'PKRT', 1),
('B33-4-0', 'DRIVE IN', 6, 1, 'PKRT', 1),
('B33-5-0', 'DRIVE IN', 6, 1, 'PKRT', 1),
('B33-6-0', 'DRIVE IN', 6, 1, 'PKRT', 1),
('B34-1-0', 'DRIVE IN', 6, 1, 'PKRT', 1),
('B34-2-0', 'DRIVE IN', 6, 1, 'PKRT', 1),
('B34-3-0', 'DRIVE IN', 6, 1, 'PKRT', 1),
('B34-4-0', 'DRIVE IN', 6, 1, 'PKRT', 1),
('B34-5-0', 'DRIVE IN', 6, 1, 'PKRT', 1),
('B34-6-0', 'DRIVE IN', 6, 1, 'PKRT', 1),
('B35-1-0', 'DRIVE IN', 6, 1, 'PKRT', 1),
('B35-2-0', 'DRIVE IN', 6, 1, 'PKRT', 1),
('B35-3-0', 'DRIVE IN', 6, 1, 'PKRT', 1),
('B35-4-0', 'DRIVE IN', 6, 1, 'PKRT', 1),
('B35-5-0', 'DRIVE IN', 6, 1, 'PKRT', 1),
('B35-6-0', 'DRIVE IN', 6, 1, 'PKRT', 1),
('B36-1-0', 'DRIVE IN', 6, 1, 'PKRT', 1),
('B36-2-0', 'DRIVE IN', 6, 1, 'PKRT', 1),
('B36-3-0', 'DRIVE IN', 6, 1, 'PKRT', 1),
('B36-4-0', 'DRIVE IN', 6, 1, 'PKRT', 1),
('B36-5-0', 'DRIVE IN', 6, 1, 'PKRT', 1),
('B36-6-0', 'DRIVE IN', 6, 1, 'PKRT', 1),
('B37-1-0', 'DRIVE IN', 6, 1, 'PKRT', 1),
('B37-2-0', 'DRIVE IN', 6, 1, 'PKRT', 1),
('B37-3-0', 'DRIVE IN', 6, 1, 'PKRT', 1),
('B37-4-0', 'DRIVE IN', 6, 1, 'PKRT', 1),
('B37-5-0', 'DRIVE IN', 6, 1, 'PKRT', 1),
('B37-6-0', 'DRIVE IN', 6, 1, 'PKRT', 1),
('B38-1-0', 'DRIVE IN', 6, 1, 'PKRT', 1),
('B38-2-0', 'DRIVE IN', 6, 1, 'PKRT', 1),
('B38-3-0', 'DRIVE IN', 6, 1, 'PKRT', 1),
('B38-4-0', 'DRIVE IN', 6, 1, 'PKRT', 1),
('B38-5-0', 'DRIVE IN', 6, 1, 'PKRT', 1),
('B38-6-0', 'DRIVE IN', 6, 1, 'PKRT', 1),
('B39-1-0', 'DRIVE IN', 6, 1, 'PKRT', 1),
('B39-2-0', 'DRIVE IN', 6, 1, 'PKRT', 1),
('B39-3-0', 'DRIVE IN', 6, 1, 'PKRT', 1),
('B39-4-0', 'DRIVE IN', 6, 1, 'PKRT', 1),
('B39-5-0', 'DRIVE IN', 6, 1, 'PKRT', 1),
('B39-6-0', 'DRIVE IN', 6, 1, 'PKRT', 1),
('B40-1-0', 'DRIVE IN', 6, 1, 'PKRT', 1),
('B40-2-0', 'DRIVE IN', 6, 1, 'PKRT', 1),
('B40-3-0', 'DRIVE IN', 6, 1, 'PKRT', 1),
('B40-4-0', 'DRIVE IN', 6, 1, 'PKRT', 1),
('B40-5-0', 'DRIVE IN', 6, 1, 'PKRT', 1),
('B40-6-0', 'DRIVE IN', 6, 1, 'PKRT', 1),
('B41-1-0', 'DRIVE IN', 6, 1, 'PKRT', 1),
('B41-2-0', 'DRIVE IN', 6, 1, 'PKRT', 1),
('B41-3-0', 'DRIVE IN', 6, 1, 'PKRT', 1),
('B41-4-0', 'DRIVE IN', 6, 1, 'PKRT', 1),
('B41-5-0', 'DRIVE IN', 6, 1, 'PKRT', 1),
('B41-6-0', 'DRIVE IN', 6, 1, 'PKRT', 1),
('B42-1-0', 'DRIVE IN', 6, 1, 'PKRT', 1),
('B42-2-0', 'DRIVE IN', 6, 1, 'PKRT', 1),
('B42-3-0', 'DRIVE IN', 6, 1, 'PKRT', 1),
('B42-4-0', 'DRIVE IN', 6, 1, 'PKRT', 1),
('B42-5-0', 'DRIVE IN', 6, 1, 'PKRT', 1),
('B42-6-0', 'DRIVE IN', 6, 1, 'PKRT', 1),
('B43-1-0', 'DRIVE IN', 6, 1, 'PKRT', 1),
('B43-2-0', 'DRIVE IN', 6, 1, 'PKRT', 1),
('B43-3-0', 'DRIVE IN', 6, 1, 'PKRT', 1),
('B43-4-0', 'DRIVE IN', 6, 1, 'PKRT', 1),
('B43-5-0', 'DRIVE IN', 6, 1, 'PKRT', 1),
('B43-6-0', 'DRIVE IN', 6, 1, 'PKRT', 1),
('B44-1-0', 'DRIVE IN', 6, 1, 'PKRT', 1),
('B44-2-0', 'DRIVE IN', 6, 1, 'PKRT', 1),
('B44-3-0', 'DRIVE IN', 6, 1, 'PKRT', 1),
('B44-4-0', 'DRIVE IN', 6, 1, 'PKRT', 1),
('B44-5-0', 'DRIVE IN', 6, 1, 'PKRT', 1),
('B44-6-0', 'DRIVE IN', 6, 1, 'PKRT', 1),
('B45-1-0', 'DRIVE IN', 6, 1, 'PKRT', 1),
('B45-2-0', 'DRIVE IN', 6, 1, 'PKRT', 1),
('B45-3-0', 'DRIVE IN', 6, 1, 'PKRT', 1),
('B45-4-0', 'DRIVE IN', 6, 1, 'PKRT', 1),
('B45-5-0', 'DRIVE IN', 6, 1, 'PKRT', 1),
('B45-6-0', 'DRIVE IN', 6, 1, 'PKRT', 1),
('B46-1-0', 'DRIVE IN', 6, 1, 'PKRT', 1),
('B46-2-0', 'DRIVE IN', 6, 1, 'PKRT', 1),
('B46-3-0', 'DRIVE IN', 6, 1, 'PKRT', 1),
('B46-4-0', 'DRIVE IN', 6, 1, 'PKRT', 1),
('B46-5-0', 'DRIVE IN', 6, 1, 'PKRT', 1),
('B46-6-0', 'DRIVE IN', 6, 1, 'PKRT', 1),
('B47-1-0', 'DRIVE IN', 6, 1, 'PKRT', 1),
('B47-2-0', 'DRIVE IN', 6, 1, 'PKRT', 1),
('B47-3-0', 'DRIVE IN', 6, 1, 'PKRT', 1),
('B47-4-0', 'DRIVE IN', 6, 1, 'PKRT', 1),
('B47-5-0', 'DRIVE IN', 6, 1, 'PKRT', 1),
('B47-6-0', 'DRIVE IN', 6, 1, 'PKRT', 1),
('B48-1-0', 'DRIVE IN', 6, 1, 'PKRT', 1),
('B48-2-0', 'DRIVE IN', 6, 1, 'PKRT', 1),
('B48-3-0', 'DRIVE IN', 6, 1, 'PKRT', 1),
('B48-4-0', 'DRIVE IN', 6, 1, 'PKRT', 1),
('B48-5-0', 'DRIVE IN', 6, 1, 'PKRT', 1),
('B48-6-0', 'DRIVE IN', 6, 1, 'PKRT', 1),
('B49-1-0', 'DRIVE IN', 6, 1, 'PKRT', 1),
('B49-2-0', 'DRIVE IN', 6, 1, 'PKRT', 1),
('B49-3-0', 'DRIVE IN', 6, 1, 'PKRT', 1),
('B49-4-0', 'DRIVE IN', 6, 1, 'PKRT', 1),
('B49-5-0', 'DRIVE IN', 6, 1, 'PKRT', 1),
('B49-6-0', 'DRIVE IN', 6, 1, 'PKRT', 1),
('B50-1-0', 'DRIVE IN', 6, 1, 'PKRT', 1),
('B50-2-0', 'DRIVE IN', 6, 1, 'PKRT', 1),
('B50-3-0', 'DRIVE IN', 6, 1, 'PKRT', 1),
('B50-4-0', 'DRIVE IN', 6, 1, 'PKRT', 1),
('B50-5-0', 'DRIVE IN', 6, 1, 'PKRT', 1),
('B50-6-0', 'DRIVE IN', 6, 1, 'PKRT', 1),
('B51-1-0', 'DRIVE IN', 6, 1, 'PKRT', 1),
('B51-2-0', 'DRIVE IN', 6, 1, 'PKRT', 1),
('B51-3-0', 'DRIVE IN', 6, 1, 'PKRT', 1),
('B51-4-0', 'DRIVE IN', 6, 1, 'PKRT', 1),
('B51-5-0', 'DRIVE IN', 6, 1, 'PKRT', 1),
('B51-6-0', 'DRIVE IN', 6, 1, 'PKRT', 1),
('B52-1-0', 'DRIVE IN', 6, 1, 'PKRT', 1),
('B52-2-0', 'DRIVE IN', 6, 1, 'PKRT', 1),
('B52-3-0', 'DRIVE IN', 6, 1, 'PKRT', 1),
('B52-4-0', 'DRIVE IN', 6, 1, 'PKRT', 1),
('B52-5-0', 'DRIVE IN', 6, 1, 'PKRT', 1),
('B52-6-0', 'DRIVE IN', 6, 1, 'PKRT', 1),
('B53-1-0', 'DRIVE IN', 6, 1, 'PKRT', 1),
('B53-2-0', 'DRIVE IN', 6, 1, 'PKRT', 1),
('B53-3-0', 'DRIVE IN', 6, 1, 'PKRT', 1),
('B53-4-0', 'DRIVE IN', 6, 1, 'PKRT', 1),
('B53-5-0', 'DRIVE IN', 6, 1, 'PKRT', 1),
('B53-6-0', 'DRIVE IN', 6, 1, 'PKRT', 1),
('B54-1-0', 'DRIVE IN', 6, 1, 'PKRT', 1),
('B54-2-0', 'DRIVE IN', 6, 1, 'PKRT', 1),
('B54-3-0', 'DRIVE IN', 6, 1, 'PKRT', 1),
('B54-4-0', 'DRIVE IN', 6, 1, 'PKRT', 1),
('B54-5-0', 'DRIVE IN', 6, 1, 'PKRT', 1),
('B54-6-0', 'DRIVE IN', 6, 1, 'PKRT', 1),
('B55-1-0', 'DRIVE IN', 6, 1, 'PKRT', 1),
('B55-2-0', 'DRIVE IN', 6, 1, 'PKRT', 1),
('B55-3-0', 'DRIVE IN', 6, 1, 'PKRT', 1),
('B55-4-0', 'DRIVE IN', 6, 1, 'PKRT', 1),
('B55-5-0', 'DRIVE IN', 6, 1, 'PKRT', 1),
('B55-6-0', 'DRIVE IN', 6, 1, 'PKRT', 1),
('B56-1-0', 'DRIVE IN', 6, 1, 'PKRT', 1),
('B56-2-0', 'DRIVE IN', 6, 1, 'PKRT', 1),
('B56-3-0', 'DRIVE IN', 6, 1, 'PKRT', 1),
('B56-4-0', 'DRIVE IN', 6, 1, 'PKRT', 1),
('B56-5-0', 'DRIVE IN', 6, 1, 'PKRT', 1),
('B56-6-0', 'DRIVE IN', 6, 1, 'PKRT', 1),
('B57-1-0', 'DRIVE IN', 6, 1, 'PKRT', 1),
('B57-2-0', 'DRIVE IN', 6, 1, 'PKRT', 1),
('B57-3-0', 'DRIVE IN', 6, 1, 'PKRT', 1),
('B57-4-0', 'DRIVE IN', 6, 1, 'PKRT', 1),
('B57-5-0', 'DRIVE IN', 6, 1, 'PKRT', 1),
('B57-6-0', 'DRIVE IN', 6, 1, 'PKRT', 1),
('C01-1-0', 'DRIVE IN', 6, 1, 'PKRT', 1),
('C01-2-0', 'DRIVE IN', 6, 1, 'PKRT', 1),
('C01-3-0', 'DRIVE IN', 6, 1, 'PKRT', 1),
('C01-4-0', 'DRIVE IN', 6, 1, 'PKRT', 1),
('C01-5-0', 'DRIVE IN', 6, 1, 'PKRT', 1),
('C01-6-0', 'DRIVE IN', 6, 1, 'PKRT', 1),
('C02-1-0', 'DRIVE IN', 6, 1, 'PKRT', 1),
('C02-2-0', 'DRIVE IN', 6, 1, 'PKRT', 1),
('C02-3-0', 'DRIVE IN', 6, 1, 'PKRT', 1),
('C02-4-0', 'DRIVE IN', 6, 1, 'PKRT', 1),
('C02-5-0', 'DRIVE IN', 6, 1, 'PKRT', 1),
('C02-6-0', 'DRIVE IN', 6, 1, 'PKRT', 1),
('C03-1-0', 'DRIVE IN', 6, 1, 'PKRT', 1),
('C03-2-0', 'DRIVE IN', 6, 1, 'PKRT', 1),
('C03-3-0', 'DRIVE IN', 6, 1, 'PKRT', 1),
('C03-4-0', 'DRIVE IN', 6, 1, 'PKRT', 1),
('C03-5-0', 'DRIVE IN', 6, 1, 'PKRT', 1),
('C03-6-0', 'DRIVE IN', 6, 1, 'PKRT', 1),
('C04-1-0', 'DRIVE IN', 6, 1, 'PKRT', 1),
('C04-2-0', 'DRIVE IN', 6, 1, 'PKRT', 1),
('C04-3-0', 'DRIVE IN', 6, 1, 'PKRT', 1),
('C04-4-0', 'DRIVE IN', 6, 1, 'PKRT', 1),
('C04-5-0', 'DRIVE IN', 6, 1, 'PKRT', 1),
('C04-6-0', 'DRIVE IN', 6, 1, 'PKRT', 1),
('C05-1-0', 'DRIVE IN', 6, 1, 'PKRT', 1),
('C05-2-0', 'DRIVE IN', 6, 1, 'PKRT', 1),
('C05-3-0', 'DRIVE IN', 6, 1, 'PKRT', 1),
('C05-4-0', 'DRIVE IN', 6, 1, 'PKRT', 1),
('C05-5-0', 'DRIVE IN', 6, 1, 'PKRT', 1),
('C05-6-0', 'DRIVE IN', 6, 1, 'PKRT', 1),
('C06-1-0', 'DRIVE IN', 6, 1, 'PKRT', 1),
('C06-2-0', 'DRIVE IN', 6, 1, 'PKRT', 1),
('C06-3-0', 'DRIVE IN', 6, 1, 'PKRT', 1),
('C06-4-0', 'DRIVE IN', 6, 1, 'PKRT', 1),
('C06-5-0', 'DRIVE IN', 6, 1, 'PKRT', 1),
('C06-6-0', 'DRIVE IN', 6, 1, 'PKRT', 1),
('C07-1-0', 'DRIVE IN', 6, 1, 'PKRT', 1),
('C07-2-0', 'DRIVE IN', 6, 1, 'PKRT', 1),
('C07-3-0', 'DRIVE IN', 6, 1, 'PKRT', 1),
('C07-4-0', 'DRIVE IN', 6, 1, 'PKRT', 1),
('C07-5-0', 'DRIVE IN', 6, 1, 'PKRT', 1),
('C07-6-0', 'DRIVE IN', 6, 1, 'PKRT', 1),
('C08-1-0', 'DRIVE IN', 6, 1, 'PKRT', 1),
('C08-2-0', 'DRIVE IN', 6, 1, 'PKRT', 1),
('C08-3-0', 'DRIVE IN', 6, 1, 'PKRT', 1),
('C08-4-0', 'DRIVE IN', 6, 1, 'PKRT', 1),
('C08-5-0', 'DRIVE IN', 6, 1, 'PKRT', 1),
('C08-6-0', 'DRIVE IN', 6, 1, 'PKRT', 1),
('C09-1-0', 'DRIVE IN', 6, 1, 'PKRT', 1),
('C09-2-0', 'DRIVE IN', 6, 1, 'PKRT', 1),
('C09-3-0', 'DRIVE IN', 6, 1, 'PKRT', 1),
('C09-4-0', 'DRIVE IN', 6, 1, 'PKRT', 1),
('C09-5-0', 'DRIVE IN', 6, 1, 'PKRT', 1),
('C09-6-0', 'DRIVE IN', 6, 1, 'PKRT', 1),
('C10-1-0', 'DRIVE IN', 6, 1, 'PKRT', 1),
('C10-2-0', 'DRIVE IN', 6, 1, 'PKRT', 1),
('C10-3-0', 'DRIVE IN', 6, 1, 'PKRT', 1),
('C10-4-0', 'DRIVE IN', 6, 1, 'PKRT', 1),
('C10-5-0', 'DRIVE IN', 6, 1, 'PKRT', 1),
('C10-6-0', 'DRIVE IN', 6, 1, 'PKRT', 1),
('C11-1-0', 'DRIVE IN', 6, 1, 'PKRT', 1),
('C11-2-0', 'DRIVE IN', 6, 1, 'PKRT', 1),
('C11-3-0', 'DRIVE IN', 6, 1, 'PKRT', 1),
('C11-4-0', 'DRIVE IN', 6, 1, 'PKRT', 1),
('C11-5-0', 'DRIVE IN', 6, 1, 'PKRT', 1),
('C11-6-0', 'DRIVE IN', 6, 1, 'PKRT', 1),
('C12-1-0', 'DRIVE IN', 6, 1, 'PKRT', 1),
('C12-2-0', 'DRIVE IN', 6, 1, 'PKRT', 1),
('C12-3-0', 'DRIVE IN', 6, 1, 'PKRT', 1),
('C12-4-0', 'DRIVE IN', 6, 1, 'PKRT', 1),
('C12-5-0', 'DRIVE IN', 6, 1, 'PKRT', 1),
('C12-6-0', 'DRIVE IN', 6, 1, 'PKRT', 1),
('C13-1-0', 'DRIVE IN', 6, 1, 'PKRT', 1),
('C13-2-0', 'DRIVE IN', 6, 1, 'PKRT', 1),
('C13-3-0', 'DRIVE IN', 6, 1, 'PKRT', 1),
('C13-4-0', 'DRIVE IN', 6, 1, 'PKRT', 1),
('C13-5-0', 'DRIVE IN', 6, 1, 'PKRT', 1),
('C13-6-0', 'DRIVE IN', 6, 1, 'PKRT', 1),
('C14-1-0', 'DRIVE IN', 6, 1, 'PKRT', 1),
('C14-2-0', 'DRIVE IN', 6, 1, 'PKRT', 1),
('C14-3-0', 'DRIVE IN', 6, 1, 'PKRT', 1),
('C14-4-0', 'DRIVE IN', 6, 1, 'PKRT', 1),
('C14-5-0', 'DRIVE IN', 6, 1, 'PKRT', 1),
('C14-6-0', 'DRIVE IN', 6, 1, 'PKRT', 1),
('C15-1-0', 'DRIVE IN', 6, 1, 'PKRT', 1),
('C15-2-0', 'DRIVE IN', 6, 1, 'PKRT', 1),
('C15-3-0', 'DRIVE IN', 6, 1, 'PKRT', 1),
('C15-4-0', 'DRIVE IN', 6, 1, 'PKRT', 1),
('C15-5-0', 'DRIVE IN', 6, 1, 'PKRT', 1),
('C15-6-0', 'DRIVE IN', 6, 1, 'PKRT', 1),
('C16-1-0', 'DRIVE IN', 6, 1, 'PKRT', 1),
('C16-2-0', 'DRIVE IN', 6, 1, 'PKRT', 1),
('C16-3-0', 'DRIVE IN', 6, 1, 'PKRT', 1),
('C16-4-0', 'DRIVE IN', 6, 1, 'PKRT', 1),
('C16-5-0', 'DRIVE IN', 6, 1, 'PKRT', 1),
('C16-6-0', 'DRIVE IN', 6, 1, 'PKRT', 1),
('C17-1-0', 'DRIVE IN', 6, 1, 'PKRT', 1),
('C17-2-0', 'DRIVE IN', 6, 1, 'PKRT', 1),
('C17-3-0', 'DRIVE IN', 6, 1, 'PKRT', 1),
('C17-4-0', 'DRIVE IN', 6, 1, 'PKRT', 1),
('C17-5-0', 'DRIVE IN', 6, 1, 'PKRT', 1),
('C17-6-0', 'DRIVE IN', 6, 1, 'PKRT', 1),
('C18-1-0', 'DRIVE IN', 6, 1, 'PKRT', 1),
('C18-2-0', 'DRIVE IN', 6, 1, 'PKRT', 1),
('C18-3-0', 'DRIVE IN', 6, 1, 'PKRT', 1),
('C18-4-0', 'DRIVE IN', 6, 1, 'PKRT', 1),
('C18-5-0', 'DRIVE IN', 6, 1, 'PKRT', 1),
('C18-6-0', 'DRIVE IN', 6, 1, 'PKRT', 1),
('C19-1-0', 'DRIVE IN', 6, 1, 'PKRT', 1),
('C19-2-0', 'DRIVE IN', 6, 1, 'PKRT', 1),
('C19-3-0', 'DRIVE IN', 6, 1, 'PKRT', 1),
('C19-4-0', 'DRIVE IN', 6, 1, 'PKRT', 1),
('C19-5-0', 'DRIVE IN', 6, 1, 'PKRT', 1),
('C19-6-0', 'DRIVE IN', 6, 1, 'PKRT', 1),
('C20-1-0', 'DRIVE IN', 6, 1, 'PKRT', 1),
('C20-2-0', 'DRIVE IN', 6, 1, 'PKRT', 1),
('C20-3-0', 'DRIVE IN', 6, 1, 'PKRT', 1),
('C20-4-0', 'DRIVE IN', 6, 1, 'PKRT', 1),
('C20-5-0', 'DRIVE IN', 6, 1, 'PKRT', 1),
('C20-6-0', 'DRIVE IN', 6, 1, 'PKRT', 1),
('C21-1-0', 'DRIVE IN', 6, 1, 'PKRT', 1),
('C21-2-0', 'DRIVE IN', 6, 1, 'PKRT', 1),
('C21-3-0', 'DRIVE IN', 6, 1, 'PKRT', 1),
('C21-4-0', 'DRIVE IN', 6, 1, 'PKRT', 1),
('C21-5-0', 'DRIVE IN', 6, 1, 'PKRT', 1),
('C21-6-0', 'DRIVE IN', 6, 1, 'PKRT', 1),
('C22-1-0', 'DRIVE IN', 6, 1, 'PKRT', 1),
('C22-2-0', 'DRIVE IN', 6, 1, 'PKRT', 1),
('C22-3-0', 'DRIVE IN', 6, 1, 'PKRT', 1),
('C22-4-0', 'DRIVE IN', 6, 1, 'PKRT', 1),
('C22-5-0', 'DRIVE IN', 6, 1, 'PKRT', 1),
('C22-6-0', 'DRIVE IN', 6, 1, 'PKRT', 1),
('C23-1-0', 'DRIVE IN', 6, 1, 'PKRT', 1),
('C23-2-0', 'DRIVE IN', 6, 1, 'PKRT', 1),
('C23-3-0', 'DRIVE IN', 6, 1, 'PKRT', 1),
('C23-4-0', 'DRIVE IN', 6, 1, 'PKRT', 1),
('C23-5-0', 'DRIVE IN', 6, 1, 'PKRT', 1),
('C23-6-0', 'DRIVE IN', 6, 1, 'PKRT', 1),
('C24-1-0', 'DRIVE IN', 6, 1, 'PKRT', 1),
('C24-2-0', 'DRIVE IN', 6, 1, 'PKRT', 1),
('C24-3-0', 'DRIVE IN', 6, 1, 'PKRT', 1),
('C24-4-0', 'DRIVE IN', 6, 1, 'PKRT', 1),
('C24-5-0', 'DRIVE IN', 6, 1, 'PKRT', 1),
('C24-6-0', 'DRIVE IN', 6, 1, 'PKRT', 1),
('C25-1-0', 'DRIVE IN', 6, 1, 'PKRT', 1),
('C25-2-0', 'DRIVE IN', 6, 1, 'PKRT', 1),
('C25-3-0', 'DRIVE IN', 6, 1, 'PKRT', 1),
('C25-4-0', 'DRIVE IN', 6, 1, 'PKRT', 1),
('C25-5-0', 'DRIVE IN', 6, 1, 'PKRT', 1),
('C25-6-0', 'DRIVE IN', 6, 1, 'PKRT', 1),
('C26-1-0', 'DRIVE IN', 6, 1, 'PKRT', 1),
('C26-2-0', 'DRIVE IN', 6, 1, 'PKRT', 1),
('C26-3-0', 'DRIVE IN', 6, 1, 'PKRT', 1),
('C26-4-0', 'DRIVE IN', 6, 1, 'PKRT', 1),
('C26-5-0', 'DRIVE IN', 6, 1, 'PKRT', 1),
('C26-6-0', 'DRIVE IN', 6, 1, 'PKRT', 1),
('C27-1-0', 'DRIVE IN', 6, 1, 'PKRT', 1),
('C27-2-0', 'DRIVE IN', 6, 1, 'PKRT', 1),
('C27-3-0', 'DRIVE IN', 6, 1, 'PKRT', 1),
('C27-4-0', 'DRIVE IN', 6, 1, 'PKRT', 1),
('C27-5-0', 'DRIVE IN', 6, 1, 'PKRT', 1),
('C27-6-0', 'DRIVE IN', 6, 1, 'PKRT', 1),
('C28-1-0', 'DRIVE IN', 6, 1, 'PKRT', 1),
('C28-2-0', 'DRIVE IN', 6, 1, 'PKRT', 1),
('C28-3-0', 'DRIVE IN', 6, 1, 'PKRT', 1),
('C28-4-0', 'DRIVE IN', 6, 1, 'PKRT', 1),
('C28-5-0', 'DRIVE IN', 6, 1, 'PKRT', 1),
('C28-6-0', 'DRIVE IN', 6, 1, 'PKRT', 1),
('C29-1-0', 'DRIVE IN', 6, 1, 'PKRT', 1),
('C29-2-0', 'DRIVE IN', 6, 1, 'PKRT', 1),
('C29-3-0', 'DRIVE IN', 6, 1, 'PKRT', 1),
('C29-4-0', 'DRIVE IN', 6, 1, 'PKRT', 1),
('C29-5-0', 'DRIVE IN', 6, 1, 'PKRT', 1),
('C29-6-0', 'DRIVE IN', 6, 1, 'PKRT', 1),
('C30-1-0', 'DRIVE IN', 6, 1, 'PKRT', 1),
('C30-2-0', 'DRIVE IN', 6, 1, 'PKRT', 1),
('C30-3-0', 'DRIVE IN', 6, 1, 'PKRT', 1),
('C30-4-0', 'DRIVE IN', 6, 1, 'PKRT', 1),
('C30-5-0', 'DRIVE IN', 6, 1, 'PKRT', 1),
('C30-6-0', 'DRIVE IN', 6, 1, 'PKRT', 1),
('C31-1-0', 'DRIVE IN', 6, 1, 'PKRT', 1),
('C31-2-0', 'DRIVE IN', 6, 1, 'PKRT', 1),
('C31-3-0', 'DRIVE IN', 6, 1, 'PKRT', 1),
('C31-4-0', 'DRIVE IN', 6, 1, 'PKRT', 1),
('C31-5-0', 'DRIVE IN', 6, 1, 'PKRT', 1),
('C31-6-0', 'DRIVE IN', 6, 1, 'PKRT', 1),
('C32-1-0', 'DRIVE IN', 6, 1, 'PKRT', 1),
('C32-2-0', 'DRIVE IN', 6, 1, 'PKRT', 1),
('C32-3-0', 'DRIVE IN', 6, 1, 'PKRT', 1),
('C32-4-0', 'DRIVE IN', 6, 1, 'PKRT', 1),
('C32-5-0', 'DRIVE IN', 6, 1, 'PKRT', 1),
('C32-6-0', 'DRIVE IN', 6, 1, 'PKRT', 1),
('C33-1-0', 'DRIVE IN', 6, 1, 'PKRT', 1),
('C33-2-0', 'DRIVE IN', 6, 1, 'PKRT', 1),
('C33-3-0', 'DRIVE IN', 6, 1, 'PKRT', 1),
('C33-4-0', 'DRIVE IN', 6, 1, 'PKRT', 1),
('C33-5-0', 'DRIVE IN', 6, 1, 'PKRT', 1),
('C33-6-0', 'DRIVE IN', 6, 1, 'PKRT', 1),
('C34-1-0', 'DRIVE IN', 6, 1, 'PKRT', 1),
('C34-2-0', 'DRIVE IN', 6, 1, 'PKRT', 1),
('C34-3-0', 'DRIVE IN', 6, 1, 'PKRT', 1),
('C34-4-0', 'DRIVE IN', 6, 1, 'PKRT', 1),
('C34-5-0', 'DRIVE IN', 6, 1, 'PKRT', 1),
('C34-6-0', 'DRIVE IN', 6, 1, 'PKRT', 1),
('C35-1-0', 'DRIVE IN', 6, 1, 'QUARANTINE', 1),
('C35-2-0', 'DRIVE IN', 6, 1, 'QUARANTINE', 1),
('C35-3-0', 'DRIVE IN', 6, 1, 'QUARANTINE', 1),
('C35-4-0', 'DRIVE IN', 6, 1, 'QUARANTINE', 1),
('C35-5-0', 'DRIVE IN', 6, 1, 'QUARANTINE', 1),
('C35-6-0', 'DRIVE IN', 6, 1, 'QUARANTINE', 1),
('C36-1-0', 'DRIVE IN', 6, 1, 'REJECT', 1),
('C36-2-0', 'DRIVE IN', 6, 1, 'REJECT', 1),
('C36-3-0', 'DRIVE IN', 6, 1, 'REJECT', 1),
('C36-4-0', 'DRIVE IN', 6, 1, 'REJECT', 1),
('C36-5-0', 'DRIVE IN', 6, 1, 'REJECT', 1),
('C36-6-0', 'DRIVE IN', 6, 1, 'REJECT', 1),
('D01-1-0', 'DRIVE IN', 6, 1, 'PKRT', 1),
('D01-2-0', 'DRIVE IN', 6, 1, 'PKRT', 1),
('D01-3-0', 'DRIVE IN', 6, 1, 'PKRT', 1),
('D01-4-0', 'DRIVE IN', 6, 1, 'PKRT', 1),
('D01-5-0', 'DRIVE IN', 6, 1, 'PKRT', 1),
('D01-6-0', 'DRIVE IN', 6, 1, 'PKRT', 1),
('D02-1-0', 'DRIVE IN', 6, 1, 'PKRT', 1),
('D02-2-0', 'DRIVE IN', 6, 1, 'PKRT', 1),
('D02-3-0', 'DRIVE IN', 6, 1, 'PKRT', 1),
('D02-4-0', 'DRIVE IN', 6, 1, 'PKRT', 1),
('D02-5-0', 'DRIVE IN', 6, 1, 'PKRT', 1),
('D02-6-0', 'DRIVE IN', 6, 1, 'PKRT', 1),
('D03-1-0', 'DRIVE IN', 6, 1, 'PKRT', 1),
('D03-2-0', 'DRIVE IN', 6, 1, 'PKRT', 1),
('D03-3-0', 'DRIVE IN', 6, 1, 'PKRT', 1),
('D03-4-0', 'DRIVE IN', 6, 1, 'PKRT', 1),
('D03-5-0', 'DRIVE IN', 6, 1, 'PKRT', 1),
('D03-6-0', 'DRIVE IN', 6, 1, 'PKRT', 1),
('D04-1-0', 'DRIVE IN', 6, 1, 'PKRT', 1),
('D04-2-0', 'DRIVE IN', 6, 1, 'PKRT', 1),
('D04-3-0', 'DRIVE IN', 6, 1, 'PKRT', 1),
('D04-4-0', 'DRIVE IN', 6, 1, 'PKRT', 1),
('D04-5-0', 'DRIVE IN', 6, 1, 'PKRT', 1),
('D04-6-0', 'DRIVE IN', 6, 1, 'PKRT', 1),
('D05-1-0', 'DRIVE IN', 6, 1, 'PKRT', 1),
('D05-2-0', 'DRIVE IN', 6, 1, 'PKRT', 1),
('D05-3-0', 'DRIVE IN', 6, 1, 'PKRT', 1),
('D05-4-0', 'DRIVE IN', 6, 1, 'PKRT', 1),
('D05-5-0', 'DRIVE IN', 6, 1, 'PKRT', 1),
('D05-6-0', 'DRIVE IN', 6, 1, 'PKRT', 1),
('D06-1-0', 'DRIVE IN', 6, 1, 'PKRT', 1),
('D06-2-0', 'DRIVE IN', 6, 1, 'PKRT', 1),
('D06-3-0', 'DRIVE IN', 6, 1, 'PKRT', 1),
('D06-4-0', 'DRIVE IN', 6, 1, 'PKRT', 1),
('D06-5-0', 'DRIVE IN', 6, 1, 'PKRT', 1),
('D06-6-0', 'DRIVE IN', 6, 1, 'PKRT', 1),
('D07-1-0', 'DRIVE IN', 6, 1, 'PKRT', 1),
('D07-2-0', 'DRIVE IN', 6, 1, 'PKRT', 1),
('D07-3-0', 'DRIVE IN', 6, 1, 'PKRT', 1),
('D07-4-0', 'DRIVE IN', 6, 1, 'PKRT', 1),
('D07-5-0', 'DRIVE IN', 6, 1, 'PKRT', 1),
('D07-6-0', 'DRIVE IN', 6, 1, 'PKRT', 1),
('D08-1-0', 'DRIVE IN', 6, 1, 'PKRT', 1),
('D08-2-0', 'DRIVE IN', 6, 1, 'PKRT', 1),
('D08-3-0', 'DRIVE IN', 6, 1, 'PKRT', 1),
('D08-4-0', 'DRIVE IN', 6, 1, 'PKRT', 1),
('D08-5-0', 'DRIVE IN', 6, 1, 'PKRT', 1),
('D08-6-0', 'DRIVE IN', 6, 1, 'PKRT', 1),
('E01-1-0', 'DRIVE IN', 6, 1, 'PKRT', 1),
('E01-2-0', 'DRIVE IN', 6, 1, 'PKRT', 1),
('E01-3-0', 'DRIVE IN', 6, 1, 'PKRT', 1),
('E01-4-0', 'DRIVE IN', 6, 1, 'PKRT', 1),
('E01-5-0', 'DRIVE IN', 6, 1, 'PKRT', 1),
('E01-6-0', 'DRIVE IN', 6, 1, 'PKRT', 1),
('E02-1-0', 'DRIVE IN', 6, 1, 'PKRT', 1),
('E02-2-0', 'DRIVE IN', 6, 1, 'PKRT', 1),
('E02-3-0', 'DRIVE IN', 6, 1, 'PKRT', 1),
('E02-4-0', 'DRIVE IN', 6, 1, 'PKRT', 1),
('E02-5-0', 'DRIVE IN', 6, 1, 'PKRT', 1),
('E02-6-0', 'DRIVE IN', 6, 1, 'PKRT', 1),
('E03-1-0', 'DRIVE IN', 6, 1, 'PKRT', 1),
('E03-2-0', 'DRIVE IN', 6, 1, 'PKRT', 1),
('E03-3-0', 'DRIVE IN', 6, 1, 'PKRT', 1),
('E03-4-0', 'DRIVE IN', 6, 1, 'PKRT', 1),
('E03-5-0', 'DRIVE IN', 6, 1, 'PKRT', 1),
('E03-6-0', 'DRIVE IN', 6, 1, 'PKRT', 1),
('E04-1-0', 'DRIVE IN', 6, 1, 'PKRT', 1),
('E04-2-0', 'DRIVE IN', 6, 1, 'PKRT', 1),
('E04-3-0', 'DRIVE IN', 6, 1, 'PKRT', 1),
('E04-4-0', 'DRIVE IN', 6, 1, 'PKRT', 1),
('E04-5-0', 'DRIVE IN', 6, 1, 'PKRT', 1),
('E04-6-0', 'DRIVE IN', 6, 1, 'PKRT', 1),
('E05-1-0', 'DRIVE IN', 6, 1, 'PKRT', 1),
('E05-2-0', 'DRIVE IN', 6, 1, 'PKRT', 1),
('E05-3-0', 'DRIVE IN', 6, 1, 'PKRT', 1),
('E05-4-0', 'DRIVE IN', 6, 1, 'PKRT', 1),
('E05-5-0', 'DRIVE IN', 6, 1, 'PKRT', 1),
('E05-6-0', 'DRIVE IN', 6, 1, 'PKRT', 1),
('E06-1-0', 'DRIVE IN', 6, 1, 'PKRT', 1),
('E06-2-0', 'DRIVE IN', 6, 1, 'PKRT', 1),
('E06-3-0', 'DRIVE IN', 6, 1, 'PKRT', 1),
('E06-4-0', 'DRIVE IN', 6, 1, 'PKRT', 1),
('E06-5-0', 'DRIVE IN', 6, 1, 'PKRT', 1),
('E06-6-0', 'DRIVE IN', 6, 1, 'PKRT', 1),
('E07-1-0', 'DRIVE IN', 6, 1, 'PKRT', 1),
('E07-2-0', 'DRIVE IN', 6, 1, 'PKRT', 1),
('E07-3-0', 'DRIVE IN', 6, 1, 'PKRT', 1),
('E07-4-0', 'DRIVE IN', 6, 1, 'PKRT', 1),
('E07-5-0', 'DRIVE IN', 6, 1, 'PKRT', 1),
('E07-6-0', 'DRIVE IN', 6, 1, 'PKRT', 1),
('E08-1-0', 'DRIVE IN', 6, 1, 'PKRT', 1),
('E08-2-0', 'DRIVE IN', 6, 1, 'PKRT', 1),
('E08-3-0', 'DRIVE IN', 6, 1, 'PKRT', 1),
('E08-4-0', 'DRIVE IN', 6, 1, 'PKRT', 1),
('E08-5-0', 'DRIVE IN', 6, 1, 'PKRT', 1),
('E08-6-0', 'DRIVE IN', 6, 1, 'PKRT', 1),
('P01-1-0', 'DRIVE IN', 6, 1, 'MEDICAL DEVICE', 1),
('P01-2-0', 'DRIVE IN', 6, 1, 'MEDICAL DEVICE', 1),
('P01-3-0', 'DRIVE IN', 6, 1, 'MEDICAL DEVICE', 1),
('P01-4-0', 'DRIVE IN', 6, 1, 'MEDICAL DEVICE', 1),
('P01-5-0', 'DRIVE IN', 6, 1, 'MEDICAL DEVICE', 1),
('P01-6-0', 'DRIVE IN', 6, 1, 'MEDICAL DEVICE', 1),
('P02-1-0', 'DRIVE IN', 6, 1, 'MEDICAL DEVICE', 1),
('P02-2-0', 'DRIVE IN', 6, 1, 'MEDICAL DEVICE', 1),
('P02-3-0', 'DRIVE IN', 6, 1, 'MEDICAL DEVICE', 1),
('P02-4-0', 'DRIVE IN', 6, 1, 'MEDICAL DEVICE', 1),
('P02-5-0', 'DRIVE IN', 6, 1, 'MEDICAL DEVICE', 1),
('P02-6-0', 'DRIVE IN', 6, 1, 'MEDICAL DEVICE', 1),
('P03-1-0', 'DRIVE IN', 6, 1, 'MEDICAL DEVICE', 1),
('P03-2-0', 'DRIVE IN', 6, 1, 'MEDICAL DEVICE', 1),
('P03-3-0', 'DRIVE IN', 6, 1, 'MEDICAL DEVICE', 1),
('P03-4-0', 'DRIVE IN', 6, 1, 'MEDICAL DEVICE', 1),
('P03-5-0', 'DRIVE IN', 6, 1, 'MEDICAL DEVICE', 1),
('P03-6-0', 'DRIVE IN', 6, 1, 'MEDICAL DEVICE', 1),
('P04-1-0', 'DRIVE IN', 6, 1, 'MEDICAL DEVICE', 1),
('P04-2-0', 'DRIVE IN', 6, 1, 'MEDICAL DEVICE', 1),
('P04-3-0', 'DRIVE IN', 6, 1, 'MEDICAL DEVICE', 1),
('P04-4-0', 'DRIVE IN', 6, 1, 'MEDICAL DEVICE', 1),
('P04-5-0', 'DRIVE IN', 6, 1, 'MEDICAL DEVICE', 1),
('P04-6-0', 'DRIVE IN', 6, 1, 'MEDICAL DEVICE', 1),
('P05-1-0', 'DRIVE IN', 6, 1, 'MEDICAL DEVICE', 1),
('P05-2-0', 'DRIVE IN', 6, 1, 'MEDICAL DEVICE', 1),
('P05-3-0', 'DRIVE IN', 6, 1, 'MEDICAL DEVICE', 1),
('P05-4-0', 'DRIVE IN', 6, 1, 'MEDICAL DEVICE', 1),
('P05-5-0', 'DRIVE IN', 6, 1, 'MEDICAL DEVICE', 1),
('P05-6-0', 'DRIVE IN', 6, 1, 'MEDICAL DEVICE', 1),
('P06-1-0', 'DRIVE IN', 6, 1, 'MEDICAL DEVICE', 1),
('P06-2-0', 'DRIVE IN', 6, 1, 'MEDICAL DEVICE', 1),
('P06-3-0', 'DRIVE IN', 6, 1, 'MEDICAL DEVICE', 1),
('P06-4-0', 'DRIVE IN', 6, 1, 'MEDICAL DEVICE', 1),
('P06-5-0', 'DRIVE IN', 6, 1, 'MEDICAL DEVICE', 1),
('P06-6-0', 'DRIVE IN', 6, 1, 'MEDICAL DEVICE', 1),
('P07-1-0', 'DRIVE IN', 6, 1, 'MEDICAL DEVICE', 1),
('P07-2-0', 'DRIVE IN', 6, 1, 'MEDICAL DEVICE', 1),
('P07-3-0', 'DRIVE IN', 6, 1, 'MEDICAL DEVICE', 1),
('P07-4-0', 'DRIVE IN', 6, 1, 'MEDICAL DEVICE', 1),
('P07-5-0', 'DRIVE IN', 6, 1, 'MEDICAL DEVICE', 1),
('P07-6-0', 'DRIVE IN', 6, 1, 'MEDICAL DEVICE', 1),
('P08-1-0', 'DRIVE IN', 6, 1, 'MEDICAL DEVICE', 1),
('P08-2-0', 'DRIVE IN', 6, 1, 'MEDICAL DEVICE', 1),
('P08-3-0', 'DRIVE IN', 6, 1, 'MEDICAL DEVICE', 1),
('P08-4-0', 'DRIVE IN', 6, 1, 'MEDICAL DEVICE', 1),
('P08-5-0', 'DRIVE IN', 6, 1, 'MEDICAL DEVICE', 1),
('P08-6-0', 'DRIVE IN', 6, 1, 'MEDICAL DEVICE', 1),
('P09-1-0', 'DRIVE IN', 6, 1, 'MEDICAL DEVICE', 1),
('P09-2-0', 'DRIVE IN', 6, 1, 'MEDICAL DEVICE', 1),
('P09-3-0', 'DRIVE IN', 6, 1, 'MEDICAL DEVICE', 1),
('P09-4-0', 'DRIVE IN', 6, 1, 'MEDICAL DEVICE', 1),
('P09-5-0', 'DRIVE IN', 6, 1, 'MEDICAL DEVICE', 1),
('P09-6-0', 'DRIVE IN', 6, 1, 'MEDICAL DEVICE', 1),
('P10-1-0', 'DRIVE IN', 6, 1, 'MEDICAL DEVICE', 1),
('P10-2-0', 'DRIVE IN', 6, 1, 'MEDICAL DEVICE', 1),
('P10-3-0', 'DRIVE IN', 6, 1, 'MEDICAL DEVICE', 1),
('P10-4-0', 'DRIVE IN', 6, 1, 'MEDICAL DEVICE', 1),
('P10-5-0', 'DRIVE IN', 6, 1, 'MEDICAL DEVICE', 1),
('P10-6-0', 'DRIVE IN', 6, 1, 'MEDICAL DEVICE', 1),
('P11-1-0', 'DRIVE IN', 4, 1, 'MEDICAL DEVICE', 1),
('P11-2-0', 'DRIVE IN', 4, 1, 'MEDICAL DEVICE', 1),
('P11-3-0', 'DRIVE IN', 4, 1, 'MEDICAL DEVICE', 1),
('P11-4-0', 'DRIVE IN', 4, 1, 'MEDICAL DEVICE', 1),
('P12-1-0', 'DRIVE IN', 4, 1, 'MEDICAL DEVICE', 1),
('P12-2-0', 'DRIVE IN', 4, 1, 'MEDICAL DEVICE', 1),
('P12-3-0', 'DRIVE IN', 4, 1, 'MEDICAL DEVICE', 1),
('P12-4-0', 'DRIVE IN', 4, 1, 'MEDICAL DEVICE', 1),
('P13-1-0', 'DRIVE IN', 4, 1, 'MEDICAL DEVICE', 1),
('P13-2-0', 'DRIVE IN', 4, 1, 'MEDICAL DEVICE', 1),
('P13-3-0', 'DRIVE IN', 4, 1, 'MEDICAL DEVICE', 1),
('P13-4-0', 'DRIVE IN', 4, 1, 'MEDICAL DEVICE', 1),
('P14-1-0', 'DRIVE IN', 4, 1, 'MEDICAL DEVICE', 1),
('P14-2-0', 'DRIVE IN', 4, 1, 'MEDICAL DEVICE', 1),
('P14-3-0', 'DRIVE IN', 4, 1, 'MEDICAL DEVICE', 1),
('P14-4-0', 'DRIVE IN', 4, 1, 'MEDICAL DEVICE', 1),
('P15-1-0', 'DRIVE IN', 4, 1, 'MEDICAL DEVICE', 1),
('P15-2-0', 'DRIVE IN', 4, 1, 'MEDICAL DEVICE', 1),
('P15-3-0', 'DRIVE IN', 4, 1, 'MEDICAL DEVICE', 1),
('P15-4-0', 'DRIVE IN', 4, 1, 'MEDICAL DEVICE', 1),
('P16-1-0', 'DRIVE IN', 4, 1, 'MEDICAL DEVICE', 1),
('P16-2-0', 'DRIVE IN', 4, 1, 'MEDICAL DEVICE', 1),
('P16-3-0', 'DRIVE IN', 4, 1, 'MEDICAL DEVICE', 1),
('P16-4-0', 'DRIVE IN', 4, 1, 'MEDICAL DEVICE', 1),
('P17-1-0', 'DRIVE IN', 4, 1, 'QUARANTINE', 1),
('P17-2-0', 'DRIVE IN', 4, 1, 'QUARANTINE', 1),
('P17-3-0', 'DRIVE IN', 4, 1, 'QUARANTINE', 1),
('P17-4-0', 'DRIVE IN', 4, 1, 'QUARANTINE', 1),
('P18-1-0', 'DRIVE IN', 4, 1, 'MEDICAL DEVICE', 1),
('P18-2-0', 'DRIVE IN', 4, 1, 'MEDICAL DEVICE', 1),
('P18-3-0', 'DRIVE IN', 4, 1, 'MEDICAL DEVICE', 1),
('P18-4-0', 'DRIVE IN', 4, 1, 'MEDICAL DEVICE', 1),
('P19-1-0', 'DRIVE IN', 4, 1, 'QUARANTINE', 1),
('P19-2-0', 'DRIVE IN', 4, 1, 'QUARANTINE', 1),
('P19-3-0', 'DRIVE IN', 4, 1, 'QUARANTINE', 1),
('P19-4-0', 'DRIVE IN', 4, 1, 'QUARANTINE', 1),
('P20-1-0', 'DRIVE IN', 4, 1, 'REJECT', 1),
('P20-2-0', 'DRIVE IN', 4, 1, 'REJECT', 1),
('P20-3-0', 'DRIVE IN', 4, 1, 'REJECT', 1),
('P20-4-0', 'DRIVE IN', 4, 1, 'REJECT', 1);

-- --------------------------------------------------------

--
-- Struktur dari tabel `tb_storage`
--

CREATE TABLE `tb_storage` (
  `SE_ID` varchar(150) NOT NULL DEFAULT '-'
) ENGINE=InnoDB DEFAULT CHARSET=latin1;

--
-- Dumping data untuk tabel `tb_storage`
--

INSERT INTO `tb_storage` (`SE_ID`) VALUES
('MEDICAL DEVICE'),
('MEDICAL DEVICE TEMPERATURE CONTROL'),
('MMA'),
('PKRT'),
('QUARANTINE'),
('REJECT');

-- --------------------------------------------------------

--
-- Struktur dari tabel `tb_supplier`
--

CREATE TABLE `tb_supplier` (
  `SR_ID` varchar(150) NOT NULL DEFAULT '-',
  `SR_NAME` varchar(150) NOT NULL DEFAULT '-',
  `SR_PHONE` varchar(15) NOT NULL DEFAULT '0',
  `SR_EMAIL` varchar(150) NOT NULL DEFAULT '-',
  `SR_ADDRESS` text NOT NULL,
  `SR_ADDRESS_MANUFACTURING` text NOT NULL,
  `SR_COUNTRY` varchar(150) NOT NULL DEFAULT '-'
) ENGINE=InnoDB DEFAULT CHARSET=latin1;

--
-- Dumping data untuk tabel `tb_supplier`
--

INSERT INTO `tb_supplier` (`SR_ID`, `SR_NAME`, `SR_PHONE`, `SR_EMAIL`, `SR_ADDRESS`, `SR_ADDRESS_MANUFACTURING`, `SR_COUNTRY`) VALUES
('SPL001', 'PT KIMBERLY CLARK PROFESSIONAL', '021 30400800', 'Markarius.Bihastoko@kcc.com', 'Wisma 77 Tower 2 - 16th Floor, Suite 1602. Jl Letnan Jendral S Parman Kav 77, Jakarta 11410. Indonesia', 'JALAN JABABEKA IXB BLOK Q2, KAWASAN INDUSTRI JABABEKA 1 CIKARANG BEKASI', 'BEKASI'),
('SPL002', 'PT KIMBERLY CLARK CONSUMER', '02130400800', 'Beatrix.Wijaya@kcc.com', 'Wisma 77 Tower 2-16 Floor, Suite 1602 Jl Letnan Jendral S Parman Kav 77, Jakarta 11410 Indonesia', 'Jalan Jababeka IXB Blok Q2 Kawasan Industri Jababeka 1 Cikarang Bekasi', 'INDONESIA'),
('SPL003', 'MERIT MEDICAL', '85222076850', 'queenie.cheung@merit.com', 'Room 901B, 9/F Empire Centre 68 Mody Road, Tsim Sha Tsui Kowloon', 'Room 901B, 9/F Empire Centre 68 Mody Road, Tsim Sha Tsui Kowloon', 'HONGKONG');

-- --------------------------------------------------------

--
-- Struktur dari tabel `tb_user`
--

CREATE TABLE `tb_user` (
  `UR_ID` varchar(150) NOT NULL DEFAULT '-',
  `UR_PASSWORD` varchar(150) NOT NULL DEFAULT '-',
  `UR_NAME` varchar(150) NOT NULL DEFAULT '-',
  `UR_PHONE` varchar(15) NOT NULL DEFAULT '-',
  `UR_EMAIL` varchar(150) NOT NULL DEFAULT '-',
  `GT_ID` varchar(150) NOT NULL DEFAULT '-'
) ENGINE=InnoDB DEFAULT CHARSET=latin1;

--
-- Dumping data untuk tabel `tb_user`
--

INSERT INTO `tb_user` (`UR_ID`, `UR_PASSWORD`, `UR_NAME`, `UR_PHONE`, `UR_EMAIL`, `GT_ID`) VALUES
('ADMIN', '12345', 'ADMIN', '081100000000', 'test@gmail.com', 'ADMIN'),
('AXEL', 'sixmurs15', 'Axel Tjindana', '62', 'axel.tjindana@mursmedic.com', 'ADMIN'),
('AYU', 'AYU@WMS', 'SRI RAHAYU ANANI', '62811', 'sri.anani@mursmedic.com', 'SUPERVISOR'),
('EDDYG', 'ID4EDDYGW', 'EDDY GUNAWAN', '0811823077', 'eddy.gunawan@sixmurs.com', 'ADMIN'),
('IMAM', 'IMAM@WMS', 'IMAM', '62811', 'imam@mursmedic.com', 'USER'),
('RIANI', 'MURS@WMS', 'RIANI RESIANINGRUM', '62811882', 'rresianingrum@mursmedic.com', 'SUPERVISOR'),
('TIKA', 'TIKA@WMS', 'DEWI KARTIKA', '62811', 'dewi.kartika@mursmedic.com', 'SUPERVISOR'),
('USER', '12345', 'USER', '082200000000', 'user@gmail.com', 'USER');

--
-- Indexes for dumped tables
--

--
-- Indeks untuk tabel `tb_distributor`
--
ALTER TABLE `tb_distributor`
  ADD PRIMARY KEY (`DR_ID`);

--
-- Indeks untuk tabel `tb_ekspedisi`
--
ALTER TABLE `tb_ekspedisi`
  ADD PRIMARY KEY (`EI_ID`);

--
-- Indeks untuk tabel `tb_forwarder`
--
ALTER TABLE `tb_forwarder`
  ADD PRIMARY KEY (`FR_ID`);

--
-- Indeks untuk tabel `tb_grant`
--
ALTER TABLE `tb_grant`
  ADD PRIMARY KEY (`GT_ID`);

--
-- Indeks untuk tabel `tb_log`
--
ALTER TABLE `tb_log`
  ADD PRIMARY KEY (`LG_ID`);

--
-- Indeks untuk tabel `tb_product`
--
ALTER TABLE `tb_product`
  ADD PRIMARY KEY (`PT_ID`),
  ADD KEY `FK_PTCY_ID` (`PTCY_ID`),
  ADD KEY `FK_SR_ID` (`SR_ID`);

--
-- Indeks untuk tabel `tb_product_category`
--
ALTER TABLE `tb_product_category`
  ADD PRIMARY KEY (`PTCY_ID`);

--
-- Indeks untuk tabel `tb_product_inbound`
--
ALTER TABLE `tb_product_inbound`
  ADD PRIMARY KEY (`PTID_ID`),
  ADD KEY `FK_SR_ID` (`SR_ID`),
  ADD KEY `FK_UR_ID` (`UR_ID`),
  ADD KEY `FK_FR_ID` (`FR_ID`);

--
-- Indeks untuk tabel `tb_product_inbound_detail`
--
ALTER TABLE `tb_product_inbound_detail`
  ADD PRIMARY KEY (`PTIDDL_ID`),
  ADD KEY `FK_PTID_ID` (`PTID_ID`),
  ADD KEY `FK_PT_ID` (`PT_ID`);

--
-- Indeks untuk tabel `tb_product_outbound`
--
ALTER TABLE `tb_product_outbound`
  ADD PRIMARY KEY (`PTOD_ID`),
  ADD KEY `FK_DR_ID` (`DR_ID`),
  ADD KEY `FK_UR_ID` (`UR_ID`),
  ADD KEY `FK_EI_ID` (`EI_ID`);

--
-- Indeks untuk tabel `tb_product_outbound_detail`
--
ALTER TABLE `tb_product_outbound_detail`
  ADD PRIMARY KEY (`PTODDL_ID`),
  ADD KEY `FK_PTOD_ID` (`PTOD_ID`),
  ADD KEY `FK_PT_ID` (`PT_ID`);

--
-- Indeks untuk tabel `tb_product_quarantine`
--
ALTER TABLE `tb_product_quarantine`
  ADD PRIMARY KEY (`PTQE_ID`),
  ADD UNIQUE KEY `PTIDDL_ID` (`PTIDDL_ID`,`PTID_ID`,`PT_ID`);

--
-- Indeks untuk tabel `tb_product_return`
--
ALTER TABLE `tb_product_return`
  ADD PRIMARY KEY (`PTRN_ID`);

--
-- Indeks untuk tabel `tb_product_sample`
--
ALTER TABLE `tb_product_sample`
  ADD PRIMARY KEY (`PTSP_ID`);

--
-- Indeks untuk tabel `tb_rack`
--
ALTER TABLE `tb_rack`
  ADD PRIMARY KEY (`RK_ID`),
  ADD KEY `FK_SE_ID` (`SE_ID`);

--
-- Indeks untuk tabel `tb_storage`
--
ALTER TABLE `tb_storage`
  ADD PRIMARY KEY (`SE_ID`);

--
-- Indeks untuk tabel `tb_supplier`
--
ALTER TABLE `tb_supplier`
  ADD PRIMARY KEY (`SR_ID`);

--
-- Indeks untuk tabel `tb_user`
--
ALTER TABLE `tb_user`
  ADD PRIMARY KEY (`UR_ID`),
  ADD KEY `FK_GT_ID` (`GT_ID`);

--
-- AUTO_INCREMENT untuk tabel yang dibuang
--

--
-- AUTO_INCREMENT untuk tabel `tb_product_return`
--
ALTER TABLE `tb_product_return`
  MODIFY `PTRN_ID` bigint(20) NOT NULL AUTO_INCREMENT;

--
-- AUTO_INCREMENT untuk tabel `tb_product_sample`
--
ALTER TABLE `tb_product_sample`
  MODIFY `PTSP_ID` bigint(20) NOT NULL AUTO_INCREMENT;

--
-- Ketidakleluasaan untuk tabel pelimpahan (Dumped Tables)
--

--
-- Ketidakleluasaan untuk tabel `tb_product_inbound_detail`
--
ALTER TABLE `tb_product_inbound_detail`
  ADD CONSTRAINT `tb_product_inbound_detail_ibfk_1` FOREIGN KEY (`PTID_ID`) REFERENCES `tb_product_inbound` (`PTID_ID`) ON DELETE CASCADE ON UPDATE CASCADE;

--
-- Ketidakleluasaan untuk tabel `tb_product_outbound_detail`
--
ALTER TABLE `tb_product_outbound_detail`
  ADD CONSTRAINT `tb_product_outbound_detail_ibfk_1` FOREIGN KEY (`PTOD_ID`) REFERENCES `tb_product_outbound` (`PTOD_ID`) ON DELETE CASCADE ON UPDATE CASCADE;

--
-- Ketidakleluasaan untuk tabel `tb_rack`
--
ALTER TABLE `tb_rack`
  ADD CONSTRAINT `tb_rack_ibfk_1` FOREIGN KEY (`SE_ID`) REFERENCES `tb_storage` (`SE_ID`) ON DELETE CASCADE ON UPDATE CASCADE;

--
-- Ketidakleluasaan untuk tabel `tb_user`
--
ALTER TABLE `tb_user`
  ADD CONSTRAINT `tb_user_ibfk_1` FOREIGN KEY (`GT_ID`) REFERENCES `tb_grant` (`GT_ID`) ON DELETE CASCADE ON UPDATE CASCADE;
COMMIT;

/*!40101 SET CHARACTER_SET_CLIENT=@OLD_CHARACTER_SET_CLIENT */;
/*!40101 SET CHARACTER_SET_RESULTS=@OLD_CHARACTER_SET_RESULTS */;
/*!40101 SET COLLATION_CONNECTION=@OLD_COLLATION_CONNECTION */;
