-- phpMyAdmin SQL Dump
-- version 4.8.4
-- https://www.phpmyadmin.net/
--
-- Host: 127.0.0.1
-- Generation Time: Feb 01, 2019 at 05:28 AM
-- Server version: 10.1.37-MariaDB
-- PHP Version: 5.6.39

SET SQL_MODE = "NO_AUTO_VALUE_ON_ZERO";
SET AUTOCOMMIT = 0;
START TRANSACTION;
SET time_zone = "+00:00";


/*!40101 SET @OLD_CHARACTER_SET_CLIENT=@@CHARACTER_SET_CLIENT */;
/*!40101 SET @OLD_CHARACTER_SET_RESULTS=@@CHARACTER_SET_RESULTS */;
/*!40101 SET @OLD_COLLATION_CONNECTION=@@COLLATION_CONNECTION */;
/*!40101 SET NAMES utf8mb4 */;

--
-- Database: `db_wms`
--

-- --------------------------------------------------------

--
-- Table structure for table `tb_distributor`
--

CREATE TABLE `tb_distributor` (
  `DR_ID` varchar(150) NOT NULL DEFAULT '-',
  `DR_NAME` varchar(150) NOT NULL DEFAULT '-',
  `DR_PHONE` varchar(15) NOT NULL DEFAULT '0',
  `DR_EMAIL` varchar(150) NOT NULL DEFAULT '-',
  `DR_ADDRESS` text NOT NULL,
  `DR_ADDRESS_SHIPPING` text NOT NULL,
  `DR_CITY` varchar(150) NOT NULL DEFAULT '-'
) ENGINE=InnoDB DEFAULT CHARSET=latin1;

--
-- Dumping data for table `tb_distributor`
--

INSERT INTO `tb_distributor` (`DR_ID`, `DR_NAME`, `DR_PHONE`, `DR_EMAIL`, `DR_ADDRESS`, `DR_ADDRESS_SHIPPING`, `DR_CITY`) VALUES
('DST001', 'PT ALTINDO MULIA', '021-5522173/021', 'proc-local@altindo.co.id', 'JL. PLUIT SELATAN RAYA NO. 60, JAKARTA UTARA 14450', 'JL. DAAN MOGOT KM. 20.2 NO. 327 BATU CEPER, TANGERANG', 'TANGERANG'),
('DST002', 'CV BALI PURNAMA', '0361 - 895 0508', 'mkt.mbp@gmail.com', 'JL. SUWUNG BATAN KENDAL PERUMAHAN SUWUNG PERMAI NO. 1 DENPASAR SELATAN', 'JL. SUWUNG BATAN KENDAL PERUMAHAN SUWUNG PERMAI NO. 1 DENPASAR SELATAN', 'DENPASAR BALI'),
('DST003', 'PT BERKAT NIAGA DUNIA', '021-6327060 / 0', 'general@bndsafety.net', 'JL. CIDENG BARAT NO.47D, JAKARTA 10150', 'JL. CIDENG BARAT NO.47D, JAKARTA 10150', 'JAKARTA'),
('DST004', 'PT EKASURYA INOUT INDONESIA', '021-8990 6301', 'rina@ekasurya.co.id', 'KAWASAN INDUSTRI DELTA SILICON 3, JL. SUNGKAI BLOK F 26 A NO. 10, DS. CICAU, CIKARANG PUSAT - BEKASI', 'KAWASAN INDUSTRI DELTA SILICON 3, JL. SUNGKAI BLOK F 26 A NO. 10, DS. CICAU, CIKARANG PUSAT - BEKASI', 'BEKASI'),
('DST005', 'PT EKASURYA INTERNUSA INDONESIA', '031-51503885 / ', 'arifin@ekasuryainternusa.com', 'JL. RAYA KALIRUNGKUT NO. 5 RUKO RUNGKUT MEGAH RAYA BLOK J - 35 SURABAYA', 'JL. RAYA KALIRUNGKUT NO. 5 RUKO RUNGKUT MEGAH RAYA BLOK J - 35 SURABAYA', 'SURABAYA'),
('DST006', 'PT ERA TEKNIK MULTIPOLAR', '021-66606786', 'janfong08@yahoo.com', 'JL. SUNGAI RAYA DALAM GG DANGAU II RT. 028 RW. 001 SUNGAI RAYA KUBU RAYA 78391 KALIMANTAN BARAT', 'EXPEDISI CV INDO KARGO, JL. PAKIN RUKAN MITRA BAHARI TAHAP II BLOK D NO. 3A, JAKARTA UTARA', 'JAKARTA'),
('DST007', 'PT FRESHENING INDONESIA', '021-5579 6996', 'indoadmin@freshening.com.sg', 'JL. PAJAJARAN, KAWASAN PERGUDANGAN KARAWACI, BLOK C02-C03 RT 010/001 KEL. BINONG, KEC. CURUG, TANGERANG', 'JL. PAJAJARAN, KAWASAN PERGUDANGAN KARAWACI, BLOK C02-C03 RT 010/001 KEL. BINONG, KEC. CURUG, TANGERANG', 'TANGERANG'),
('DST008', 'PT GRAHA MULTISARANA MESINDO', '024 - 7663 3263', 'purchasing@grahamultisarana.com', 'RUKO GATSU PLAZA NO. 23, JL. GATOT SUBROTO PURWOYOSO, NGALIYAN, SEMARANG, JAWA TENGAH', 'RUKO GATSU PLAZA NO. 23, JL. GATOT SUBROTO PURWOYOSO, NGALIYAN, SEMARANG, JAWA TENGAH', 'SEMARANG'),
('DST009', 'PT JAN MAKMUR INDONESIA', '021-546 7076 / ', 'purwanty.jmi@gmail.com', 'RUKO GADING SERPONG JL. KELAPA PUAN AD 14/19 PAKULONAN BARAT KELAPA DUA TANGERANG', 'RUKO GADING SERPONG JL. KELAPA PUAN AD 14/19 PAKULONAN BARAT KELAPA DUA TANGERANG', 'TANGERANG'),
('DST010', 'PT JAVATEC TRIMITRA UTAMA', '021-5473564', 'andrew@javatec.co.id', 'JL. BOULEVARD RAYA BLOK AA-4 NO. 28-29, GADING SERPONG, KEL. PAKULON BARAT, KEC. KELAPA DUA', 'JL. BOULEVARD RAYA BLOK AA-4 NO. 28-29, GADING SERPONG, KEL. PAKULON BARAT, KEC. KELAPA DUA', 'TANGERANG'),
('DST011', 'CV KOTA BARU MANDIRI', '0254 - 398645', 'yuni@kotabaru.co.id', 'JL. S. A. TIRTAYASA NO. 89 - 90 RT 10 RW 03, CILEGON - BANTEN', 'JL. S. A. TIRTAYASA NO. 89 - 90 RT 10 RW 03, CILEGON - BANTEN', 'CILEGON - BANTEN'),
('DST012', 'CV MENTARI MEGAH PERKASA', '0819-5528-085', 'kiki.anggriawan@mentari-group.com', 'JL. MANUNGGAL NO. 095 RT 035 DAMAI BAHAGIA, BALIKPAPAN SELATAN, KOTA BALIKPAPAN KALIMANTAN TIMUR', 'PICK UP KONTAINER - TRANSPORINDO', 'BEKASI'),
('DST013', 'PT PERISAI HIDUP MANDIRI', '021-2984 2932', 'info.perisaihidupmandiri@gmail.com', 'JL. GANDARIA NO. 4 B RT 010 RW 012 PEKAYON, PASAR REBO, JAKARTA TIMUR', 'JL. GANDARIA NO. 4 B RT 010 RW 012 PEKAYON, PASAR REBO, JAKARTA TIMUR', 'JAKARTA'),
('DST014', 'PT PRATAMA GRAHA SEMESTA', '021-6900656', 'Awang@ptpgs.co.id', 'KOMP. LODAN CENTRE BLOK H/11, JL. LODAN RAYA NO.2 PADEMANGAN, JAKARTA UTARA 14430', 'KOMP. LODAN CENTRE BLOK H/11, JL. LODAN RAYA NO.2 PADEMANGAN, JAKARTA UTARA 14430', 'JAKARTA'),
('DST015', 'PT RIZKY ANUGERAH ENGINEERING', '021 - 87756737', 'Anisa@rae.co.id', 'JL. RAYA GAS ALAM GG. SWADAYA RT 003 RW 001 CURUG MANGGIS, DEPOK 16953', 'JL. RAYA GAS ALAM GG. SWADAYA RT 003 RW 001 CURUG MANGGIS, DEPOK 16953', 'DEPOK'),
('DST016', 'CV SAKHA DAYA', '0878-7068-0662', 'support@sakhadaya.com', 'RUKO LITTLE CHINA BLOK J2 23 LEGENDA WISATA, GUNUNG PUTRI, BOGOR', 'RUKO LITTLE CHINA BLOK J2 23 LEGENDA WISATA, GUNUNG PUTRI, BOGOR', 'BOGOR'),
('DST017', 'CV SARANA PRIMA LESTARI', '0511-3269593', 'jessica@saranaprimalestari.com', 'JL. PRAMUKA NO. 63, RT 011 KEL. PEMUSAR LUAR KEC. BANJARMASIN TIMUR, KALIMANTAN SELATAN', 'EXPEDISI SUMBER REZEKI, DEPO INGGOM JALAN RE MARTADINATA SAMPIL POL. AIR TANJUNG PRIOK CONTAINER SPIL', 'JAKARTA'),
('DST018', 'CV SIMA PUTERA', '0851-0065-5907', 'deden.simaputra@gmail.com', 'RUKO GARDEN CITY NO. 19, CIGANITRI - TERUSAN BUAH BATU, BANDUNG', 'RUKO GARDEN CITY NO. 19, CIGANITRI - TERUSAN BUAH BATU, BANDUNG', 'BANDUNG'),
('DST019', 'PT SURYAMAN TRI TUNGGAL PERKASA', '08122334488', 'suryamantp@yahoo.co.id', 'JL. BANCEUY 116 BANDUNG', 'JL. BANCEUY 116 BANDUNG', 'BANDUNG'),
('DST020', 'CV SURYA UTAMA NUSANTARA', '0411-452037', 'sunana@indosat.net.id', 'JL. VETERAN UTARA NO. 301 C, MAKASSAR 90142', 'EXPEDISI KITRANS LOGISTICS INDONESIA, RUKO LODAN CENTER BLOK R NO. 3, JL. LODAN RAYA, ANCOL, JAKARTA 14430', 'JAKARTA'),
('DST021', 'PT TAHTA KASIH KARUNIA MATARAM', '031-8555778', 'tina@tkk.co.id', 'KOMP. PERTOKOAN GATEWAY JL. RAYA SAWOTRATAP BLOK D-33 GEDANGAN SIDOARJO', 'EXPEDISI TRI JASA JAYA UTAMA, JL.LODAN RAYA (Lodan Center) Blok O No.8-9, JAKARTA UTARA 11430', 'JAKARTA'),
('DST022', 'PT TAHTA KASIH KARUNIA SURABAYA', '031 - 99681948', 'atyka@tkk.co.id', 'KOMP. PERTOKOAN GATEWAY BLOK D - 33 SAWOTRATAP, GEDANGAN, SIDOARJO', 'JALAN RAYA BERBEK NO 47 WARU - SIODARJO', 'SURABAYA'),
('DST023', 'CV TEKNIK STEEL', '0761 - 7000075', 'wt.marketing@yahoo.com', 'JL. ANGKASA NO. 34 D-E PEKANBARU - RIAU', 'EKSPEDISI GJSI, JL. KAPUK MUARA NO. 7 KOMP. DUTA HARAPAN BLOCK K NO. 8 TELUK GONG JAKARTA UTARA', 'JAKARTA'),
('DST024', 'PT TRIT INDONESIA', '021 - 292 38814', 'pttritindonesia@ymail.com', 'RUKO PROMINANCE KAV. 38E  NO. 41, JL. JALUR SUTERA BOULEVARD, ALAM SUTERA, KEL. PANUNGGANGAN TIMUR, KEC. PINANG, TANGERANG', 'RUKO PROMINANCE KAV. 38E  NO. 41, JL. JALUR SUTERA BOULEVARD, ALAM SUTERA, KEL. PANUNGGANGAN TIMUR, KEC. PINANG, TANGERANG', 'TANGERANG'),
('DST025', 'PT UNOLAB MITRA PERSADA', '021 - 46821618', 'unolab@yahoo.com', 'JL. RAYA BEKASI KM.21 PTC BLOK 8-B NO.17, RT.002 RW.005 RAWA TERATE, CAKUNG, JAKARTA TIMUR 13920', 'JL. RAYA BEKASI KM.21 PTC BLOK 8-B NO.17, RT.002 RW.005 RAWA TERATE, CAKUNG, JAKARTA TIMUR 13920', 'JAKARTA'),
('DST026', 'PT WAHANA SAFETY INDONESIA', '021 - 63855111', 'marmi@wahanasafety.com', 'PUSAT NIAGA ROXY MAS BLOK C5 NO. 4 JL. KH HASYIM ASHARI 125 JAKARTA', 'GREEN SEDAYU BIZPARK JL. RAYA DAAN MOGOT BLOK DM-6 NO. 8', 'JAKARTA'),
('DST027', 'PT KING INDO SUKSES ABADI', '0852-6521-2660', 'elvi@kingindo.com', 'JALAN TUANKU TAMBUSAI KOMPLEK PERGUDANGAN NANGKA BLOK G NO.802 RT.003 RW.012DELIMA TAMPAN PEKANBARU 28291 INDONESIA', 'EXPEDISI CV USAHA BERLIAN JLN.TANJUNG PURA NO.99 RAWA BOKOR KALIDERES JAKARTA 14350', 'JAKARTA'),
('DST028', 'CV SINAR MAHAKAM LESTARI', '0541 - 4104142', 'sml@indo.net.id', 'PERGUDANGAN MANGKUPULAS CENTER BLOK D-18 JL. AMPERA RT 22 KEL. SIMPANG PASIR, MANGKUPULAS SAMARINDA SEBERANG, SAMARINDA, KALIMANTAN', 'EXPEDISI SUMBER REZEKI, DEPO KALIJAPAT / SPIL, JL. PLTU TANJUNG PRIOK JAKUT, PLTU MASUK / DEPAN RUKINDO', 'JAKARTA');

-- --------------------------------------------------------

--
-- Table structure for table `tb_ekspedisi`
--

CREATE TABLE `tb_ekspedisi` (
  `EI_ID` varchar(150) NOT NULL DEFAULT '-',
  `EI_NAME` varchar(150) NOT NULL DEFAULT '-',
  `EI_PHONE` varchar(15) NOT NULL DEFAULT '0',
  `EI_EMAIL` varchar(150) NOT NULL DEFAULT '-',
  `EI_ADDRESS` text NOT NULL
) ENGINE=InnoDB DEFAULT CHARSET=latin1;

--
-- Dumping data for table `tb_ekspedisi`
--

INSERT INTO `tb_ekspedisi` (`EI_ID`, `EI_NAME`, `EI_PHONE`, `EI_EMAIL`, `EI_ADDRESS`) VALUES
('EKS001', 'PT LANGLANG GLOBAL SUKSES', '021-8822-815', 'rudy@ptlgs', 'RUKO KALIMAS BLOK D NO.12A JALAN CHAIRIL ANWAR.BEKASI TIMUR. BEKASI 17113'),
('EKS002', 'CV CAHAYA TRANS LOGISTIC', '0821-2521-8732', 'edocikarang@yahoo.co.id', 'JALAN RAWA JAYA 4 HARAPAN JAYA BEKASI UTARA'),
('EKS003', 'PT POS INDONESIA (PERSERO)', '0267-402702', 'soviyan@posindonesia.co.id', 'KANTOR POS KARAWANG\r\nJL. ALUN-ALUN SELATAN NO.1 KARAWANG 41300'),
('EKS004', 'PT.SENTRA INDOLOGIS CIKARANG ( SIC )', '021 - 29088889', 'service@sic-logistics.com', 'TAMAN SENTOSA BLOK J7 NO.52 SUKARESMI CIKARANG');

-- --------------------------------------------------------

--
-- Table structure for table `tb_forwarder`
--

CREATE TABLE `tb_forwarder` (
  `FR_ID` varchar(150) NOT NULL DEFAULT '-',
  `FR_NAME` varchar(150) NOT NULL DEFAULT '-',
  `FR_PHONE` varchar(15) NOT NULL DEFAULT '0',
  `FR_EMAIL` varchar(150) NOT NULL DEFAULT '-',
  `FR_ADDRESS` text NOT NULL
) ENGINE=InnoDB DEFAULT CHARSET=latin1;

--
-- Dumping data for table `tb_forwarder`
--

INSERT INTO `tb_forwarder` (`FR_ID`, `FR_NAME`, `FR_PHONE`, `FR_EMAIL`, `FR_ADDRESS`) VALUES
('FWD001', 'PT. AGX LOGISTIC INDONESIA (SEA)', '021 - 55911745', 'iis.jkt@agxindonesia.com', 'Wisma Soewarna Suite 1 Q, Taman Niaga Soewarna Blok E Lot 1 & 2, Bandar Udara International Soekarno-Hatta. Jakarta 19110 - Indonesia '),
('FWD002', 'PT. AGX LOGISTIC INDONESIA (AIR)', '021 55911745', 'shanty.jkt@agxindonesia.com', 'Wisma Soewarna Suite 1 Q, Taman Niaga Soewarna Blok E Lot 1 & 2, Bandar Udara International Soekarno-Hatta. Jakarta 19110 - Indonesia '),
('FWD003', 'PT. ESA MASSINDO INTERNATIONAL', '021 - 29280731', 'adi.purnomo@emilogistics.co.id', 'Jalan Lingkar Utara Luar No. 07, Kota Bekasi – Jawa Barat, Indonesia'),
('FWD004', 'PT. DANKE LOGISTIK INDONESIA', '021 - 56959989', 'kusnadi@danke.asia', 'City Resort Ruko Hawaii Blok A 56 Jalan Hawaiian City II, Cengkareng Jakarta Barat 11730'),
('FWD005', 'PT. LOGWIN AIR & OCEAN INDONESIA', '021 - 55911741', 'Deni.Wahyudi@logwin-logistics.com', 'Taman Niaga Soewarna BTS - Blok J Lot 10\r\nSoekarno - Hatta International Airport \r\nCengkareng  - Indonesia 15126'),
('FWD006', 'PT. GEODIS WILSON INDONESIA', '021 - 71794999', 'irda.sophiya@geodis.com', 'Plaza City View 5th Floor Jl. Kemang Timur No. 22 – Jakarta Selatan – 12510 – Indonesia'),
('FWD007', 'PT DHL GLOBAL FORWARDING INDONESIA', '021 - 71794999', 'alinda.shintami@dhl.com', 'Plaza City View 5th Floor Jl. Kemang Timur No. 22 – Jakarta Selatan – 12510 – Indonesia'),
('FWD008', 'PT. SCHENKER PETROLOG UTAMA', '021 - 55912799', 'rahmawati@dbschenker.com', 'Soewarna Business Park Kav J Lot 1, Jakarta International Airport, Indonesia'),
('FWD009', 'EXPEDITORS INDONESIA', '021- 56948660', 'Yuda.Yuda@expeditors.com', 'Gedung Graha Indochem, 5th Floor\r\nJl. Pantai Indah Kapuk Boulevard Kav. SSB/E\r\nJakarta 14470, Indonesia'),
('FWD010', 'PT. PANAH PERDANA LOGISINDO ', '021 - 29866160', 'khrisna.murti@hartrodt.id', 'Dipo Tower Building 15th Floor\r\nJl. Jend. Gatot Subroto Kav 51 – 52\r\nJakarta Pusat 10260');

-- --------------------------------------------------------

--
-- Table structure for table `tb_grant`
--

CREATE TABLE `tb_grant` (
  `GT_ID` varchar(150) NOT NULL DEFAULT '-'
) ENGINE=InnoDB DEFAULT CHARSET=latin1;

--
-- Dumping data for table `tb_grant`
--

INSERT INTO `tb_grant` (`GT_ID`) VALUES
('ADMIN'),
('SUPERVISOR'),
('USER');

-- --------------------------------------------------------

--
-- Table structure for table `tb_log`
--

CREATE TABLE `tb_log` (
  `LG_ID` varchar(20) NOT NULL DEFAULT '-',
  `UR_ID` varchar(150) NOT NULL DEFAULT '-',
  `LG_DESC` text NOT NULL,
  `LG_DATE` datetime NOT NULL
) ENGINE=InnoDB DEFAULT CHARSET=latin1;

--
-- Dumping data for table `tb_log`
--

INSERT INTO `tb_log` (`LG_ID`, `UR_ID`, `LG_DESC`, `LG_DATE`) VALUES
('1810181129252686860', 'RIANI', 'LOGIN', '2018-10-18 11:29:25'),
('1810181141127062449', 'RIANI', 'LOGIN', '2018-10-18 11:41:12'),
('1810181328526115189', 'RIANI', 'INSERT STORAGE', '2018-10-18 13:28:52'),
('1810181329007094996', 'RIANI', 'INSERT STORAGE', '2018-10-18 13:29:00'),
('1810181329268566853', 'RIANI', 'DELETE PRODUCT CATEGORY', '2018-10-18 13:29:26'),
('1810181330034324549', 'RIANI', 'INSERT RACK', '2018-10-18 13:30:03'),
('1810181355076502583', 'RIANI', 'INSERT RACK', '2018-10-18 13:55:07'),
('1810181355438805314', 'RIANI', 'INSERT RACK', '2018-10-18 13:55:43'),
('1810181356013680235', 'RIANI', 'INSERT RACK', '2018-10-18 13:56:01'),
('1810181357351761312', 'RIANI', 'INSERT RACK', '2018-10-18 13:57:35'),
('1810181357587608747', 'RIANI', 'INSERT RACK', '2018-10-18 13:57:58'),
('1810181400599591468', 'RIANI', 'INSERT PRODUCT', '2018-10-18 14:00:59'),
('1810181402313540576', 'RIANI', 'INSERT PRODUCT', '2018-10-18 14:02:31'),
('1810181403236458660', 'RIANI', 'INSERT PRODUCT', '2018-10-18 14:03:23'),
('1810181405004580330', 'RIANI', 'INSERT PRODUCT INBOUND', '2018-10-18 14:05:00'),
('1810181405088180698', 'RIANI', 'INSERT PRODUCT INBOUND DETAIL', '2018-10-18 14:05:08'),
('1810181405376372640', 'RIANI', 'APPROVE INBOUND DATA', '2018-10-18 14:05:37'),
('1810181408367041013', 'RIANI', 'INSERT PRODUCT OUTBOUND', '2018-10-18 14:08:36'),
('1810181408455002982', 'RIANI', 'INSERT PRODUCT OUTBOUND DETAIL', '2018-10-18 14:08:45'),
('1810181409257475562', 'RIANI', 'APPROVE OUTBOUND DATA', '2018-10-18 14:09:25'),
('1810181412125879184', 'RIANI', 'INSERT PRODUCT CATEGORY', '2018-10-18 14:12:12'),
('1810190826327438467', 'RIANI', 'LOGIN', '2018-10-19 08:26:32'),
('1810190846261477877', 'RIANI', 'INSERT RACK', '2018-10-19 08:46:26'),
('1810190847012855049', 'RIANI', 'INSERT RACK', '2018-10-19 08:47:01'),
('1810190850175199181', 'RIANI', 'INSERT RACK', '2018-10-19 08:50:17'),
('1810190852379226826', 'RIANI', 'INSERT RACK', '2018-10-19 08:52:37'),
('1810190853481341460', 'RIANI', 'INSERT STORAGE', '2018-10-19 08:53:48'),
('1810190853588856851', 'RIANI', 'INSERT STORAGE', '2018-10-19 08:53:58'),
('1810190900523934798', 'RIANI', 'INSERT PRODUCT CATEGORY', '2018-10-19 09:00:52'),
('1810190902116087279', 'RIANI', 'UPDATE DISTRIBUTOR', '2018-10-19 09:02:11'),
('1810190913369874472', 'RIANI', 'INSERT PRODUCT INBOUND', '2018-10-19 09:13:36'),
('1810190914488841978', 'RIANI', 'INSERT PRODUCT INBOUND DETAIL', '2018-10-19 09:14:48'),
('1810190919337820959', 'RIANI', 'APPROVE INBOUND DATA', '2018-10-19 09:19:33'),
('1810190958228590225', 'RIANI', 'INSERT PRODUCT OUTBOUND', '2018-10-19 09:58:22'),
('1810190958564413712', 'RIANI', 'INSERT PRODUCT OUTBOUND DETAIL', '2018-10-19 09:58:56'),
('1810191002355654822', 'RIANI', 'APPROVE OUTBOUND DATA', '2018-10-19 10:02:35'),
('1810191120524321053', 'RIANI', 'INSERT PRODUCT', '2018-10-19 11:20:52'),
('1810191125229233135', 'RIANI', 'INSERT PRODUCT', '2018-10-19 11:25:22'),
('1810191156173461029', 'RIANI', 'INSERT PRODUCT INBOUND', '2018-10-19 11:56:17'),
('1810191156439886014', 'RIANI', 'INSERT PRODUCT INBOUND DETAIL', '2018-10-19 11:56:43'),
('1810191200082422161', 'RIANI', 'INSERT PRODUCT INBOUND', '2018-10-19 12:00:08'),
('1810191200187678489', 'RIANI', 'INSERT PRODUCT INBOUND DETAIL', '2018-10-19 12:00:18'),
('1810191200467202463', 'RIANI', 'APPROVE INBOUND DATA', '2018-10-19 12:00:46'),
('1810191201379979648', 'RIANI', 'INSERT PRODUCT OUTBOUND', '2018-10-19 12:01:37'),
('1810191201421731212', 'RIANI', 'INSERT PRODUCT OUTBOUND DETAIL', '2018-10-19 12:01:42'),
('1810191202583865843', 'RIANI', 'INSERT PRODUCT INBOUND', '2018-10-19 12:02:58'),
('1810191203062938978', 'RIANI', 'INSERT PRODUCT INBOUND DETAIL', '2018-10-19 12:03:06'),
('1810191203332033626', 'RIANI', 'APPROVE INBOUND DATA', '2018-10-19 12:03:33'),
('1810191205007184778', 'RIANI', 'INSERT PRODUCT OUTBOUND', '2018-10-19 12:05:00'),
('1810191205042666830', 'RIANI', 'INSERT PRODUCT OUTBOUND DETAIL', '2018-10-19 12:05:04'),
('1810191314414584181', 'RIANI', 'INSERT PRODUCT', '2018-10-19 13:14:41'),
('1810191315297693982', 'RIANI', 'INSERT PRODUCT INBOUND', '2018-10-19 13:15:29'),
('1810191315325925564', 'RIANI', 'INSERT PRODUCT INBOUND DETAIL', '2018-10-19 13:15:32'),
('1810191315579557085', 'RIANI', 'APPROVE INBOUND DATA', '2018-10-19 13:15:57'),
('1810191319367338359', 'RIANI', 'INSERT PRODUCT INBOUND', '2018-10-19 13:19:36'),
('1810191319387009861', 'RIANI', 'INSERT PRODUCT INBOUND DETAIL', '2018-10-19 13:19:38'),
('1810191319598525996', 'RIANI', 'APPROVE INBOUND DATA', '2018-10-19 13:19:59'),
('1810191326323102784', 'RIANI', 'INSERT PRODUCT OUTBOUND', '2018-10-19 13:26:32'),
('1810191326357529035', 'RIANI', 'INSERT PRODUCT OUTBOUND DETAIL', '2018-10-19 13:26:35'),
('1810191327224793062', 'RIANI', 'APPROVE OUTBOUND DATA', '2018-10-19 13:27:22'),
('1810220825106421986', 'RIANI', 'LOGIN', '2018-10-22 08:25:10'),
('1810220825521695423', 'RIANI', 'INSERT PRODUCT INBOUND', '2018-10-22 08:25:52'),
('1810220826388945848', 'RIANI', 'INSERT PRODUCT INBOUND DETAIL', '2018-10-22 08:26:38'),
('1810220918476723880', 'RIANI', 'APPROVE INBOUND DATA', '2018-10-22 09:18:47'),
('1810231713483635261', 'RIANI', 'LOGIN', '2018-10-23 17:13:48'),
('1810231714304530188', 'RIANI', 'INSERT PRODUCT INBOUND', '2018-10-23 17:14:30'),
('1810231714514600980', 'RIANI', 'INSERT PRODUCT INBOUND DETAIL', '2018-10-23 17:14:51'),
('1810231715387307639', 'RIANI', 'APPROVE INBOUND DATA', '2018-10-23 17:15:38'),
('1810300801503271239', 'RIANI', 'LOGIN', '2018-10-30 08:01:50'),
('1810301227033558260', 'RIANI', 'LOGIN', '2018-10-30 12:27:03'),
('1810301437021842950', 'RIANI', 'LOGIN', '2018-10-30 14:37:02'),
('1810301453336054633', 'RIANI', 'INSERT PRODUCT INBOUND', '2018-10-30 14:53:33'),
('1810301453476729834', 'RIANI', 'INSERT PRODUCT INBOUND DETAIL', '2018-10-30 14:53:47'),
('1810301455019426876', 'RIANI', 'APPROVE INBOUND DATA', '2018-10-30 14:55:01'),
('1810301501022221160', 'RIANI', 'INSERT PRODUCT OUTBOUND', '2018-10-30 15:01:02'),
('1810301501079106943', 'RIANI', 'INSERT PRODUCT OUTBOUND DETAIL', '2018-10-30 15:01:07'),
('1810301502081300934', 'RIANI', 'APPROVE OUTBOUND DATA', '2018-10-30 15:02:08'),
('1810301506344241861', 'RIANI', 'INSERT PRODUCT INBOUND', '2018-10-30 15:06:34'),
('1810301507057427522', 'RIANI', 'INSERT PRODUCT INBOUND DETAIL', '2018-10-30 15:07:05'),
('1810301508592457684', 'RIANI', 'INSERT PRODUCT INBOUND', '2018-10-30 15:08:59'),
('1810301509167068492', 'RIANI', 'INSERT PRODUCT INBOUND DETAIL', '2018-10-30 15:09:16'),
('1810301509454298731', 'RIANI', 'APPROVE INBOUND DATA', '2018-10-30 15:09:45'),
('1810301510189930557', 'RIANI', 'INSERT PRODUCT INBOUND', '2018-10-30 15:10:18'),
('1810301510232985878', 'RIANI', 'INSERT PRODUCT INBOUND DETAIL', '2018-10-30 15:10:23'),
('1810301510562762821', 'RIANI', 'APPROVE INBOUND DATA', '2018-10-30 15:10:56'),
('1810311026338569044', 'RIANI', 'LOGIN', '2018-10-31 10:26:33'),
('1810311056223732392', 'RIANI', 'INSERT RACK', '2018-10-31 10:56:22'),
('1810311056491736114', 'RIANI', 'INSERT RACK', '2018-10-31 10:56:49'),
('1810311057116490852', 'RIANI', 'INSERT RACK', '2018-10-31 10:57:11'),
('1810311057314803552', 'RIANI', 'INSERT RACK', '2018-10-31 10:57:31'),
('1810311057556427154', 'RIANI', 'INSERT RACK', '2018-10-31 10:57:55'),
('1810311058269769628', 'RIANI', 'INSERT RACK', '2018-10-31 10:58:26'),
('1810311100536850857', 'RIANI', 'INSERT PRODUCT', '2018-10-31 11:00:53'),
('1810311110057172882', 'RIANI', 'INSERT PRODUCT INBOUND', '2018-10-31 11:10:05'),
('1810311115525362987', 'RIANI', 'INSERT PRODUCT INBOUND', '2018-10-31 11:15:52'),
('1810311116032599014', 'RIANI', 'INSERT PRODUCT INBOUND DETAIL', '2018-10-31 11:16:03'),
('1810311116275053744', 'RIANI', 'APPROVE INBOUND DATA', '2018-10-31 11:16:27'),
('1810311121526537232', 'RIANI', 'INSERT PRODUCT INBOUND', '2018-10-31 11:21:52'),
('1810311122102034412', 'RIANI', 'INSERT PRODUCT INBOUND DETAIL', '2018-10-31 11:22:10'),
('1810311127039792215', 'RIANI', 'INSERT PRODUCT INBOUND', '2018-10-31 11:27:03'),
('1810311127088918978', 'RIANI', 'INSERT PRODUCT INBOUND DETAIL', '2018-10-31 11:27:08'),
('1810311127193449487', 'RIANI', 'APPROVE INBOUND DATA', '2018-10-31 11:27:19'),
('1810311128146005542', 'RIANI', 'INSERT PRODUCT INBOUND', '2018-10-31 11:28:14'),
('1810311128279601793', 'RIANI', 'INSERT PRODUCT INBOUND DETAIL', '2018-10-31 11:28:27'),
('1810311130105862385', 'RIANI', 'INSERT PRODUCT INBOUND', '2018-10-31 11:30:10'),
('1810311130242265868', 'RIANI', 'INSERT PRODUCT INBOUND DETAIL', '2018-10-31 11:30:24'),
('1810311130375005173', 'RIANI', 'APPROVE INBOUND DATA', '2018-10-31 11:30:37'),
('1810311131435297097', 'RIANI', 'INSERT PRODUCT INBOUND', '2018-10-31 11:31:43'),
('1810311131523635526', 'RIANI', 'INSERT PRODUCT INBOUND DETAIL', '2018-10-31 11:31:52'),
('1810311423016098390', 'RIANI', 'LOGIN', '2018-10-31 14:23:01'),
('1811011152101921622', 'RIANI', 'LOGIN', '2018-11-01 11:52:10'),
('1811080933132398533', 'ADMIN', 'LOGIN', '2018-11-08 09:33:13'),
('1811081145569228752', 'ADMIN', 'LOGOUT', '2018-11-08 11:45:56'),
('1811081639361922762', 'RIANI', 'LOGIN', '2018-11-08 16:39:36'),
('1811091616244643077', 'ADMIN', 'LOGIN', '2018-11-09 16:16:24'),
('1811091616458239495', 'ADMIN', 'LOGOUT', '2018-11-09 16:16:45'),
('1811121339361681069', 'ADMIN', 'LOGIN', '2018-11-12 13:39:36'),
('1811121352412363530', 'ADMIN', 'LOGIN', '2018-11-12 13:52:41'),
('1811131023378483024', 'ADMIN', 'LOGIN', '2018-11-13 10:23:37'),
('1811191553565139144', 'RIANI', 'LOGIN', '2018-11-19 15:53:56'),
('1811191554105798067', 'RIANI', 'LOGIN', '2018-11-19 15:54:10'),
('1811191558224857026', 'RIANI', 'INSERT RACK', '2018-11-19 15:58:22'),
('1811191559026060155', 'RIANI', 'INSERT RACK', '2018-11-19 15:59:02'),
('1811191600442149747', 'RIANI', 'INSERT RACK', '2018-11-19 16:00:44'),
('1811191601261783368', 'RIANI', 'INSERT RACK', '2018-11-19 16:01:26'),
('1811191601393108738', 'RIANI', 'INSERT RACK', '2018-11-19 16:01:39'),
('1811191601592337546', 'RIANI', 'INSERT RACK', '2018-11-19 16:01:59'),
('1811191602142411570', 'RIANI', 'INSERT RACK', '2018-11-19 16:02:14'),
('1811191602302884630', 'RIANI', 'INSERT RACK', '2018-11-19 16:02:30'),
('1811191602499780573', 'RIANI', 'INSERT RACK', '2018-11-19 16:02:49'),
('1811191603073291269', 'RIANI', 'INSERT RACK', '2018-11-19 16:03:07'),
('1811191610289584994', 'RIANI', 'INSERT RACK', '2018-11-19 16:10:28'),
('1811191611127387971', 'RIANI', 'INSERT RACK', '2018-11-19 16:11:12'),
('1811191611336540729', 'RIANI', 'INSERT RACK', '2018-11-19 16:11:33'),
('1811191612115027395', 'RIANI', 'INSERT RACK', '2018-11-19 16:12:11'),
('1811191612279297188', 'RIANI', 'INSERT RACK', '2018-11-19 16:12:27'),
('1811191614109275752', 'RIANI', 'INSERT PRODUCT', '2018-11-19 16:14:10'),
('1811191614304079525', 'RIANI', 'INSERT RACK', '2018-11-19 16:14:30'),
('1811191614443733797', 'RIANI', 'INSERT RACK', '2018-11-19 16:14:44'),
('1811191615038427725', 'RIANI', 'INSERT RACK', '2018-11-19 16:15:03'),
('1811191615423729946', 'RIANI', 'INSERT RACK', '2018-11-19 16:15:42'),
('1811191616102246358', 'RIANI', 'INSERT RACK', '2018-11-19 16:16:10'),
('1811191617022082551', 'RIANI', 'INSERT RACK', '2018-11-19 16:17:02'),
('1811191617352011925', 'RIANI', 'INSERT RACK', '2018-11-19 16:17:35'),
('1811191618217297313', 'RIANI', 'INSERT RACK', '2018-11-19 16:18:21'),
('1811191618453439948', 'RIANI', 'UPDATE RACK', '2018-11-19 16:18:45'),
('1811191618598997650', 'RIANI', 'UPDATE RACK', '2018-11-19 16:18:59'),
('1811191619108785273', 'RIANI', 'UPDATE RACK', '2018-11-19 16:19:10'),
('1811191621559717660', 'RIANI', 'INSERT RACK', '2018-11-19 16:21:55'),
('1811191625489496783', 'RIANI', 'DELETE RACK', '2018-11-19 16:25:48'),
('1811191625573992554', 'RIANI', 'DELETE RACK', '2018-11-19 16:25:57'),
('1811191626053676738', 'RIANI', 'DELETE RACK', '2018-11-19 16:26:05'),
('1811191626129209762', 'RIANI', 'DELETE RACK', '2018-11-19 16:26:12'),
('1811191626196256519', 'RIANI', 'DELETE RACK', '2018-11-19 16:26:19'),
('1811191626269908070', 'RIANI', 'DELETE RACK', '2018-11-19 16:26:26'),
('1811191647155956716', 'RIANI', 'INSERT SUPPLIER', '2018-11-19 16:47:15'),
('1811191648034401030', 'RIANI', 'INSERT SUPPLIER', '2018-11-19 16:48:03'),
('1811191653197885178', 'RIANI', 'INSERT PRODUCT', '2018-11-19 16:53:19'),
('1811191656475259028', 'RIANI', 'INSERT PRODUCT', '2018-11-19 16:56:47'),
('1811191658538508057', 'RIANI', 'INSERT PRODUCT', '2018-11-19 16:58:53'),
('1811191709434092827', 'RIANI', 'INSERT PRODUCT INBOUND', '2018-11-19 17:09:43'),
('1811191709593527894', 'RIANI', 'INSERT PRODUCT INBOUND DETAIL', '2018-11-19 17:09:59'),
('1811191711346365546', 'RIANI', 'APPROVE INBOUND DATA', '2018-11-19 17:11:34'),
('1811191725579935194', 'RIANI', 'INSERT PRODUCT INBOUND', '2018-11-19 17:25:57'),
('1811191726117308259', 'RIANI', 'INSERT PRODUCT INBOUND DETAIL', '2018-11-19 17:26:11'),
('1811191729318349053', 'RIANI', 'APPROVE INBOUND DATA', '2018-11-19 17:29:31'),
('1811211643358174656', 'RIANI', 'LOGIN', '2018-11-21 16:43:35'),
('1811211651265384334', 'RIANI', 'INSERT PRODUCT INBOUND', '2018-11-21 16:51:26'),
('1811211651296152815', 'RIANI', 'INSERT PRODUCT INBOUND DETAIL', '2018-11-21 16:51:29'),
('1811221715016069340', 'RIANI', 'LOGIN', '2018-11-22 17:15:01'),
('1811221727323922547', 'RIANI', 'INSERT PRODUCT', '2018-11-22 17:27:32'),
('1811221733033090534', 'RIANI', 'INSERT PRODUCT INBOUND', '2018-11-22 17:33:03'),
('1811221733104914085', 'RIANI', 'INSERT PRODUCT INBOUND DETAIL', '2018-11-22 17:33:10'),
('1811221733517035325', 'RIANI', 'APPROVE INBOUND DATA', '2018-11-22 17:33:51'),
('1811221740316389959', 'RIANI', 'INSERT PRODUCT INBOUND', '2018-11-22 17:40:31'),
('1811221740336938283', 'RIANI', 'INSERT PRODUCT INBOUND DETAIL', '2018-11-22 17:40:33'),
('1811221742252328527', 'RIANI', 'INSERT RACK', '2018-11-22 17:42:25'),
('1811221834368021340', 'RIANI', 'INSERT PRODUCT OUTBOUND', '2018-11-22 18:34:36'),
('1811221835183389717', 'RIANI', 'INSERT PRODUCT OUTBOUND DETAIL', '2018-11-22 18:35:18'),
('1811221843524847575', 'RIANI', 'APPROVE OUTBOUND DATA', '2018-11-22 18:43:52'),
('1811221900013645231', 'RIANI', 'INSERT PRODUCT OUTBOUND', '2018-11-22 19:00:01'),
('1811221900497147064', 'RIANI', 'INSERT PRODUCT OUTBOUND DETAIL', '2018-11-22 19:00:49'),
('1811221902327768891', 'RIANI', 'APPROVE OUTBOUND DATA', '2018-11-22 19:02:32'),
('1811221917287121865', 'RIANI', 'INSERT PRODUCT INBOUND', '2018-11-22 19:17:28'),
('1811221917303805021', 'RIANI', 'INSERT PRODUCT INBOUND DETAIL', '2018-11-22 19:17:30'),
('1811221917542324244', 'RIANI', 'APPROVE INBOUND DATA', '2018-11-22 19:17:54'),
('1811221924402269630', 'RIANI', 'INSERT PRODUCT', '2018-11-22 19:24:40'),
('1811221925389404555', 'RIANI', 'INSERT PRODUCT INBOUND', '2018-11-22 19:25:38'),
('1811221925498239760', 'RIANI', 'INSERT PRODUCT INBOUND DETAIL', '2018-11-22 19:25:49'),
('1811221926124717367', 'RIANI', 'APPROVE INBOUND DATA', '2018-11-22 19:26:12'),
('1811221927063829433', 'RIANI', 'INSERT PRODUCT OUTBOUND', '2018-11-22 19:27:06'),
('1811221927086859257', 'RIANI', 'INSERT PRODUCT OUTBOUND DETAIL', '2018-11-22 19:27:08'),
('1811221927492629370', 'RIANI', 'APPROVE OUTBOUND DATA', '2018-11-22 19:27:49'),
('1811221930194642192', 'RIANI', 'LOGOUT', '2018-11-22 19:30:19'),
('1811231009075411723', 'RIANI', 'LOGIN', '2018-11-23 10:09:07'),
('1811231414039409723', 'RIANI', 'LOGIN', '2018-11-23 14:14:03'),
('1811231427205274255', 'RIANI', 'DELETE INBOUND DATA', '2018-11-23 14:27:20'),
('1811231427313403373', 'RIANI', 'DELETE INBOUND DATA', '2018-11-23 14:27:31'),
('1811231427526552194', 'RIANI', 'DELETE INBOUND DATA', '2018-11-23 14:27:52'),
('1811231428012389083', 'RIANI', 'DELETE INBOUND DATA', '2018-11-23 14:28:01'),
('1811231432134828065', 'RIANI', 'INSERT PRODUCT INBOUND', '2018-11-23 14:32:13'),
('1811231432181658748', 'RIANI', 'INSERT PRODUCT INBOUND DETAIL', '2018-11-23 14:32:18'),
('1811231432344064652', 'RIANI', 'APPROVE INBOUND DATA', '2018-11-23 14:32:34'),
('1811231543424109461', 'RIANI', 'INSERT PRODUCT INBOUND', '2018-11-23 15:43:42'),
('1811231543441713882', 'RIANI', 'INSERT PRODUCT INBOUND DETAIL', '2018-11-23 15:43:44'),
('1811231544036813143', 'RIANI', 'APPROVE INBOUND DATA', '2018-11-23 15:44:03'),
('1811231653032806744', 'RIANI', 'INSERT PRODUCT INBOUND', '2018-11-23 16:53:03'),
('1811231653051142551', 'RIANI', 'INSERT PRODUCT INBOUND DETAIL', '2018-11-23 16:53:05'),
('1811231653429603985', 'RIANI', 'APPROVE INBOUND DATA', '2018-11-23 16:53:42'),
('1811271450581713527', 'ADMIN', 'LOGIN', '2018-11-27 14:50:58'),
('1812060835015027140', 'RIANI', 'LOGIN', '2018-12-06 08:35:01'),
('1812060837296834844', 'RIANI', 'INSERT PRODUCT INBOUND', '2018-12-06 08:37:29'),
('1812060837322964696', 'RIANI', 'INSERT PRODUCT INBOUND DETAIL', '2018-12-06 08:37:32'),
('1812061609155403324', 'ADMIN', 'LOGIN', '2018-12-06 16:09:15'),
('1812061708208079616', 'ADMIN', 'LOGOUT', '2018-12-06 17:08:20'),
('1812071616274793227', 'ADMIN', 'LOGIN', '2018-12-07 16:16:27'),
('1812111545089136258', 'ADMIN', 'LOGIN', '2018-12-11 15:45:08'),
('1812111546411895372', 'ADMIN', 'LOGOUT', '2018-12-11 15:46:41'),
('1812131459207383688', 'RIANI', 'LOGIN', '2018-12-13 14:59:20'),
('1812131500208522499', 'RIANI', 'INSERT RACK', '2018-12-13 15:00:20'),
('1812131503158877412', 'RIANI', 'INSERT PRODUCT INBOUND', '2018-12-13 15:03:15'),
('1812131503208677031', 'RIANI', 'INSERT PRODUCT INBOUND DETAIL', '2018-12-13 15:03:20'),
('1812131503579474296', 'RIANI', 'APPROVE INBOUND DATA', '2018-12-13 15:03:57'),
('1812131505535081134', 'RIANI', 'INSERT PRODUCT INBOUND', '2018-12-13 15:05:53'),
('1812131505556541869', 'RIANI', 'INSERT PRODUCT INBOUND DETAIL', '2018-12-13 15:05:55'),
('1812211723276991922', 'RIANI', 'LOGIN', '2018-12-21 17:23:27'),
('1812211752111384243', 'RIANI', 'DELETE PRODUCT', '2018-12-21 17:52:11'),
('1812211752185479539', 'RIANI', 'DELETE PRODUCT', '2018-12-21 17:52:18'),
('1812211752246960936', 'RIANI', 'DELETE PRODUCT', '2018-12-21 17:52:24'),
('1812211752296770260', 'RIANI', 'DELETE PRODUCT', '2018-12-21 17:52:29'),
('1812211752359026445', 'RIANI', 'DELETE PRODUCT', '2018-12-21 17:52:35'),
('1812211752407205960', 'RIANI', 'DELETE PRODUCT', '2018-12-21 17:52:40'),
('1812211753079808483', 'RIANI', 'DELETE RACK', '2018-12-21 17:53:07'),
('1812211753137689699', 'RIANI', 'DELETE RACK', '2018-12-21 17:53:13'),
('1812211753185660864', 'RIANI', 'DELETE RACK', '2018-12-21 17:53:18'),
('1812211753246903445', 'RIANI', 'DELETE RACK', '2018-12-21 17:53:24'),
('1812211753299928986', 'RIANI', 'DELETE RACK', '2018-12-21 17:53:29'),
('1812211753343925524', 'RIANI', 'DELETE RACK', '2018-12-21 17:53:34'),
('1812211753384939283', 'RIANI', 'DELETE RACK', '2018-12-21 17:53:38'),
('1812211753435109829', 'RIANI', 'DELETE RACK', '2018-12-21 17:53:43'),
('1812211754275348899', 'RIANI', 'INSERT RACK', '2018-12-21 17:54:27'),
('1812211755346762911', 'RIANI', 'INSERT RACK', '2018-12-21 17:55:34'),
('1812211756136797915', 'RIANI', 'INSERT RACK', '2018-12-21 17:56:13'),
('1812211758375158655', 'RIANI', 'INSERT PRODUCT', '2018-12-21 17:58:37'),
('1812211800473093245', 'RIANI', 'INSERT PRODUCT', '2018-12-21 18:00:47'),
('1812211801389146583', 'RIANI', 'INSERT PRODUCT', '2018-12-21 18:01:38'),
('1812211803059727630', 'RIANI', 'INSERT PRODUCT', '2018-12-21 18:03:05'),
('1812211806583856657', 'RIANI', 'INSERT PRODUCT', '2018-12-21 18:06:58'),
('1812211811183781748', 'RIANI', 'INSERT PRODUCT INBOUND', '2018-12-21 18:11:18'),
('1812211811213946960', 'RIANI', 'INSERT PRODUCT INBOUND DETAIL', '2018-12-21 18:11:21'),
('1812211811469748812', 'RIANI', 'DELETE INBOUND DATA', '2018-12-21 18:11:46'),
('1812211811576271481', 'RIANI', 'DELETE INBOUND DATA', '2018-12-21 18:11:57'),
('1812211812108725857', 'RIANI', 'DELETE INBOUND DATA', '2018-12-21 18:12:10'),
('1812211812194427014', 'RIANI', 'DELETE INBOUND DATA', '2018-12-21 18:12:19'),
('1812211812535699365', 'RIANI', 'APPROVE INBOUND DATA', '2018-12-21 18:12:53'),
('1812211822561464221', 'RIANI', 'INSERT PRODUCT INBOUND', '2018-12-21 18:22:56'),
('1812211826189805517', 'RIANI', 'INSERT PRODUCT INBOUND', '2018-12-21 18:26:18'),
('1812211826265362112', 'RIANI', 'INSERT PRODUCT INBOUND DETAIL', '2018-12-21 18:26:26'),
('1812211831003068212', 'RIANI', 'INSERT PRODUCT INBOUND', '2018-12-21 18:31:00'),
('1812211831073445636', 'RIANI', 'INSERT PRODUCT INBOUND DETAIL', '2018-12-21 18:31:07'),
('1812281901251243444', 'RIANI', 'LOGIN', '2018-12-28 19:01:25'),
('1812282336599122171', 'ADMIN', 'LOGIN', '2018-12-28 23:36:59'),
('1812291316508069125', 'RIANI', 'LOGIN', '2018-12-29 13:16:50'),
('1901031123308774428', 'RIANI', 'LOGIN', '2019-01-03 11:23:30'),
('1901031124551898349', 'RIANI', 'DELETE RACK', '2019-01-03 11:24:55'),
('1901031125019614575', 'RIANI', 'DELETE RACK', '2019-01-03 11:25:01'),
('1901031125063080563', 'RIANI', 'DELETE RACK', '2019-01-03 11:25:06'),
('1901031125115061093', 'RIANI', 'DELETE RACK', '2019-01-03 11:25:11'),
('1901031125165051287', 'RIANI', 'DELETE RACK', '2019-01-03 11:25:16'),
('1901031127342263422', 'RIANI', 'INSERT RACK', '2019-01-03 11:27:34'),
('1901031128068221290', 'RIANI', 'INSERT RACK', '2019-01-03 11:28:06'),
('1901031128508359998', 'RIANI', 'INSERT RACK', '2019-01-03 11:28:50'),
('1901031129266982472', 'RIANI', 'INSERT RACK', '2019-01-03 11:29:26'),
('1901031131234645434', 'RIANI', 'INSERT PRODUCT INBOUND', '2019-01-03 11:31:23'),
('1901031131424204932', 'RIANI', 'INSERT PRODUCT INBOUND DETAIL', '2019-01-03 11:31:42'),
('1901031132201475166', 'RIANI', 'APPROVE INBOUND DATA', '2019-01-03 11:32:20'),
('1901031518547476182', 'ADMIN', 'LOGIN', '2019-01-03 15:18:54'),
('1901210309216653973', 'ADMIN', 'LOGIN', '2019-01-21 03:09:21'),
('1901210314377690916', 'ADMIN', 'INSERT PRODUCT INBOUND', '2019-01-21 03:14:37'),
('1901210314394076814', 'ADMIN', 'INSERT PRODUCT INBOUND DETAIL', '2019-01-21 03:14:39'),
('1901210326349722462', 'ADMIN', 'INSERT PRODUCT INBOUND', '2019-01-21 03:26:34'),
('1901210326358555222', 'ADMIN', 'INSERT PRODUCT INBOUND DETAIL', '2019-01-21 03:26:35'),
('1901210823532842633', 'ADMIN', 'LOGIN', '2019-01-21 08:23:53'),
('1901210824102639175', 'ADMIN', 'INSERT PRODUCT INBOUND', '2019-01-21 08:24:10'),
('1901210824123138573', 'ADMIN', 'INSERT PRODUCT INBOUND DETAIL', '2019-01-21 08:24:12'),
('1901220245546628940', 'ADMIN', 'LOGIN', '2019-01-22 02:45:54'),
('1901220249357838544', 'ADMIN', 'APPROVE INBOUND DATA', '2019-01-22 02:49:35'),
('1901220341041150784', 'ADMIN', 'APPROVE INBOUND DATA', '2019-01-22 03:41:04'),
('1901220347186048424', 'ADMIN', 'INSERT PRODUCT INBOUND', '2019-01-22 03:47:18'),
('1901220347202216257', 'ADMIN', 'INSERT PRODUCT INBOUND DETAIL', '2019-01-22 03:47:20'),
('1901220347315219476', 'ADMIN', 'APPROVE INBOUND DATA', '2019-01-22 03:47:31'),
('1901220347482260445', 'ADMIN', 'INSERT PRODUCT INBOUND', '2019-01-22 03:47:48'),
('1901220347494482933', 'ADMIN', 'INSERT PRODUCT INBOUND DETAIL', '2019-01-22 03:47:49'),
('1901220348001348189', 'ADMIN', 'APPROVE INBOUND DATA', '2019-01-22 03:48:00'),
('1901220350338459486', 'ADMIN', 'INSERT PRODUCT INBOUND', '2019-01-22 03:50:33'),
('1901220350364934812', 'ADMIN', 'INSERT PRODUCT INBOUND DETAIL', '2019-01-22 03:50:36'),
('1901220401443770372', 'ADMIN', 'INSERT PRODUCT OUTBOUND', '2019-01-22 04:01:44'),
('1901220401485483390', 'ADMIN', 'INSERT PRODUCT OUTBOUND DETAIL', '2019-01-22 04:01:48'),
('1901220402204916962', 'ADMIN', 'APPROVE OUTBOUND DATA', '2019-01-22 04:02:20'),
('1901220402409017426', 'ADMIN', 'INSERT PRODUCT INBOUND', '2019-01-22 04:02:40'),
('1901220402411659888', 'ADMIN', 'INSERT PRODUCT INBOUND DETAIL', '2019-01-22 04:02:41'),
('1901220418518645525', 'ADMIN', 'INSERT RACK', '2019-01-22 04:18:51'),
('1901220419056473788', 'ADMIN', 'INSERT RACK', '2019-01-22 04:19:05'),
('1901220419161495727', 'ADMIN', 'INSERT RACK', '2019-01-22 04:19:16'),
('1901220419313973564', 'ADMIN', 'INSERT RACK', '2019-01-22 04:19:31'),
('1901220419515058381', 'ADMIN', 'INSERT RACK', '2019-01-22 04:19:51'),
('1901220420102929693', 'ADMIN', 'INSERT RACK', '2019-01-22 04:20:10'),
('1901220420215278372', 'ADMIN', 'INSERT RACK', '2019-01-22 04:20:21'),
('1901220420313983269', 'ADMIN', 'INSERT RACK', '2019-01-22 04:20:31'),
('1901220420422660091', 'ADMIN', 'INSERT RACK', '2019-01-22 04:20:42'),
('1901220421129950067', 'ADMIN', 'INSERT RACK', '2019-01-22 04:21:12'),
('1901220421227190466', 'ADMIN', 'INSERT RACK', '2019-01-22 04:21:22'),
('1901220421316107840', 'ADMIN', 'INSERT RACK', '2019-01-22 04:21:31'),
('1901220451042664639', 'ADMIN', 'INSERT PRODUCT INBOUND', '2019-01-22 04:51:04'),
('1901220451053582838', 'ADMIN', 'INSERT PRODUCT INBOUND DETAIL', '2019-01-22 04:51:05'),
('1901220451158394912', 'ADMIN', 'APPROVE INBOUND DATA', '2019-01-22 04:51:15'),
('1901220455231695423', 'ADMIN', 'INSERT PRODUCT INBOUND', '2019-01-22 04:55:23'),
('1901220455258348267', 'ADMIN', 'INSERT PRODUCT INBOUND DETAIL', '2019-01-22 04:55:25'),
('1901220455361787651', 'ADMIN', 'APPROVE INBOUND DATA', '2019-01-22 04:55:36'),
('1901220543412473697', 'ADMIN', 'INSERT PRODUCT INBOUND', '2019-01-22 05:43:41'),
('1901220543439711352', 'ADMIN', 'INSERT PRODUCT INBOUND DETAIL', '2019-01-22 05:43:43'),
('1901220543556570664', 'ADMIN', 'APPROVE INBOUND DATA', '2019-01-22 05:43:55'),
('1901220545163419032', 'ADMIN', 'INSERT PRODUCT INBOUND', '2019-01-22 05:45:16'),
('1901220545187934269', 'ADMIN', 'INSERT PRODUCT INBOUND DETAIL', '2019-01-22 05:45:18'),
('1901220545272947023', 'ADMIN', 'APPROVE INBOUND DATA', '2019-01-22 05:45:27'),
('1901221118554284123', 'ADMIN', 'LOGIN', '2019-01-22 11:18:55'),
('1901221119102075723', 'ADMIN', 'INSERT PRODUCT INBOUND', '2019-01-22 11:19:10'),
('1901221119111547529', 'ADMIN', 'INSERT PRODUCT INBOUND DETAIL', '2019-01-22 11:19:11'),
('1901221121386078525', 'ADMIN', 'INSERT PRODUCT INBOUND', '2019-01-22 11:21:38'),
('1901221121397941883', 'ADMIN', 'INSERT PRODUCT INBOUND DETAIL', '2019-01-22 11:21:39'),
('1901240231349547545', 'ADMIN', 'LOGIN', '2019-01-24 02:31:34'),
('1901240232519727630', 'ADMIN', 'INSERT RACK', '2019-01-24 02:32:51'),
('1901240233282777263', 'ADMIN', 'DELETE RACK', '2019-01-24 02:33:28'),
('1901240233507879235', 'ADMIN', 'INSERT RACK', '2019-01-24 02:33:50'),
('1901240234014863854', 'ADMIN', 'INSERT RACK', '2019-01-24 02:34:01'),
('1901240234143264411', 'ADMIN', 'INSERT RACK', '2019-01-24 02:34:14'),
('1901240236472379543', 'ADMIN', 'INSERT PRODUCT INBOUND', '2019-01-24 02:36:47'),
('1901240236496271481', 'ADMIN', 'INSERT PRODUCT INBOUND DETAIL', '2019-01-24 02:36:49'),
('1901240237425322295', 'ADMIN', 'APPROVE INBOUND DATA', '2019-01-24 02:37:42'),
('1901240239146519913', 'ADMIN', 'INSERT PRODUCT INBOUND', '2019-01-24 02:39:14'),
('1901240239159864313', 'ADMIN', 'INSERT PRODUCT INBOUND DETAIL', '2019-01-24 02:39:15'),
('1901240250202103633', 'ADMIN', 'INSERT PRODUCT INBOUND', '2019-01-24 02:50:20'),
('1901240250383068212', 'ADMIN', 'INSERT PRODUCT INBOUND DETAIL', '2019-01-24 02:50:38'),
('1901240447554306079', 'ADMIN', 'INSERT PRODUCT INBOUND', '2019-01-24 04:47:55'),
('1901240447579340591', 'ADMIN', 'INSERT PRODUCT INBOUND DETAIL', '2019-01-24 04:47:57'),
('1901240450305978938', 'ADMIN', 'APPROVE INBOUND DATA', '2019-01-24 04:50:30'),
('1901240522512094182', 'ADMIN', 'INSERT PRODUCT INBOUND', '2019-01-24 05:22:51'),
('1901240523068022480', 'ADMIN', 'INSERT PRODUCT INBOUND DETAIL', '2019-01-24 05:23:06'),
('1901240530179199791', 'ADMIN', 'APPROVE INBOUND DATA', '2019-01-24 05:30:17'),
('1901240542587594925', 'ADMIN', 'INSERT PRODUCT INBOUND', '2019-01-24 05:42:58'),
('1901240542594431651', 'ADMIN', 'INSERT PRODUCT INBOUND DETAIL', '2019-01-24 05:42:59'),
('1901240543123665362', 'ADMIN', 'APPROVE INBOUND DATA', '2019-01-24 05:43:12'),
('1901240555419044030', 'ADMIN', 'INSERT PRODUCT INBOUND', '2019-01-24 05:55:41'),
('1901240555424392631', 'ADMIN', 'INSERT PRODUCT INBOUND DETAIL', '2019-01-24 05:55:42'),
('1901240647015805326', 'ADMIN', 'INSERT PRODUCT INBOUND', '2019-01-24 06:47:01'),
('1901240647036664464', 'ADMIN', 'INSERT PRODUCT INBOUND DETAIL', '2019-01-24 06:47:03'),
('1901240743447903382', 'ADMIN', 'APPROVE INBOUND DATA', '2019-01-24 07:43:44'),
('1901240751363088342', 'ADMIN', 'INSERT PRODUCT INBOUND', '2019-01-24 07:51:36'),
('1901240751428122233', 'ADMIN', 'INSERT PRODUCT INBOUND DETAIL', '2019-01-24 07:51:42'),
('1901240954115278018', 'ADMIN', 'INSERT PRODUCT INBOUND', '2019-01-24 09:54:11'),
('1901240954173105141', 'ADMIN', 'INSERT PRODUCT INBOUND DETAIL', '2019-01-24 09:54:17'),
('1901240954508535966', 'ADMIN', 'APPROVE INBOUND DATA', '2019-01-24 09:54:50'),
('1901240957221972639', 'ADMIN', 'APPROVE INBOUND DATA', '2019-01-24 09:57:22'),
('1901241000066869062', 'ADMIN', 'INSERT PRODUCT INBOUND', '2019-01-24 10:00:06'),
('1901241000132071695', 'ADMIN', 'INSERT PRODUCT INBOUND DETAIL', '2019-01-24 10:00:13'),
('1901241000243519660', 'ADMIN', 'APPROVE INBOUND DATA', '2019-01-24 10:00:24'),
('1901241001534555651', 'ADMIN', 'INSERT PRODUCT INBOUND', '2019-01-24 10:01:53'),
('1901241002008301013', 'ADMIN', 'INSERT PRODUCT INBOUND DETAIL', '2019-01-24 10:02:00'),
('1901241002127272635', 'ADMIN', 'APPROVE INBOUND DATA', '2019-01-24 10:02:12'),
('1901241005409679060', 'ADMIN', 'INSERT PRODUCT INBOUND', '2019-01-24 10:05:40'),
('1901241005423358830', 'ADMIN', 'INSERT PRODUCT INBOUND DETAIL', '2019-01-24 10:05:42'),
('1901241005586920599', 'ADMIN', 'APPROVE INBOUND DATA', '2019-01-24 10:05:58'),
('1901241007189917875', 'ADMIN', 'INSERT PRODUCT INBOUND', '2019-01-24 10:07:18'),
('1901241007207573224', 'ADMIN', 'INSERT PRODUCT INBOUND DETAIL', '2019-01-24 10:07:20'),
('1901241007309613170', 'ADMIN', 'APPROVE INBOUND DATA', '2019-01-24 10:07:30'),
('1901241409184396482', 'ADMIN', 'LOGIN', '2019-01-24 14:09:18'),
('1901250234578189883', 'ADMIN', 'LOGIN', '2019-01-25 02:34:57'),
('1901250250075019781', 'ADMIN', 'INSERT PRODUCT INBOUND', '2019-01-25 02:50:07'),
('1901250250091691040', 'ADMIN', 'INSERT PRODUCT INBOUND DETAIL', '2019-01-25 02:50:09'),
('1901250346266094538', 'ADMIN', 'INSERT PRODUCT INBOUND', '2019-01-25 03:46:26'),
('1901250346271695943', 'ADMIN', 'INSERT PRODUCT INBOUND DETAIL', '2019-01-25 03:46:27'),
('1901250357229492412', 'ADMIN', 'INSERT PRODUCT INBOUND', '2019-01-25 03:57:22'),
('1901250357337606822', 'ADMIN', 'INSERT PRODUCT INBOUND DETAIL', '2019-01-25 03:57:33'),
('1901250358405649919', 'ADMIN', 'APPROVE INBOUND DATA', '2019-01-25 03:58:40'),
('1901250449463618462', 'ADMIN', 'DELETE INBOUND DATA', '2019-01-25 04:49:46'),
('1901250450097279983', 'ADMIN', 'INSERT PRODUCT INBOUND', '2019-01-25 04:50:09'),
('1901250450114007682', 'ADMIN', 'INSERT PRODUCT INBOUND DETAIL', '2019-01-25 04:50:11'),
('1901250451125799992', 'ADMIN', 'DELETE INBOUND DATA', '2019-01-25 04:51:12'),
('1901250451304828851', 'ADMIN', 'INSERT PRODUCT INBOUND', '2019-01-25 04:51:30'),
('1901250451317819553', 'ADMIN', 'INSERT PRODUCT INBOUND DETAIL', '2019-01-25 04:51:31'),
('1901250453212148441', 'ADMIN', 'DELETE INBOUND DATA', '2019-01-25 04:53:21'),
('1901250510454035337', 'ADMIN', 'INSERT PRODUCT INBOUND', '2019-01-25 05:10:45'),
('1901250510479974226', 'ADMIN', 'INSERT PRODUCT INBOUND DETAIL', '2019-01-25 05:10:47'),
('1901250531465517354', 'ADMIN', 'INSERT PRODUCT INBOUND', '2019-01-25 05:31:46'),
('1901250531482038883', 'ADMIN', 'INSERT PRODUCT INBOUND DETAIL', '2019-01-25 05:31:48'),
('1901250731296171374', 'ADMIN', 'DELETE INBOUND DATA', '2019-01-25 07:31:29'),
('1901250731433912477', 'ADMIN', 'INSERT PRODUCT INBOUND', '2019-01-25 07:31:43'),
('1901250731454144984', 'ADMIN', 'INSERT PRODUCT INBOUND DETAIL', '2019-01-25 07:31:45'),
('1901250740176014827', 'ADMIN', 'INSERT PRODUCT INBOUND', '2019-01-25 07:40:17'),
('1901250740192386637', 'ADMIN', 'INSERT PRODUCT INBOUND DETAIL', '2019-01-25 07:40:19'),
('1901250744225056621', 'ADMIN', 'INSERT PRODUCT INBOUND', '2019-01-25 07:44:22'),
('1901250744238385982', 'ADMIN', 'INSERT PRODUCT INBOUND DETAIL', '2019-01-25 07:44:23'),
('1901250747285846638', 'ADMIN', 'INSERT PRODUCT INBOUND', '2019-01-25 07:47:28'),
('1901250747293238327', 'ADMIN', 'INSERT PRODUCT INBOUND DETAIL', '2019-01-25 07:47:29'),
('1901250752571260077', 'ADMIN', 'DELETE INBOUND DATA', '2019-01-25 07:52:57'),
('1901250753134080666', 'ADMIN', 'INSERT PRODUCT INBOUND', '2019-01-25 07:53:13'),
('1901250753153293195', 'ADMIN', 'INSERT PRODUCT INBOUND DETAIL', '2019-01-25 07:53:15'),
('1901250759097712352', 'ADMIN', 'INSERT PRODUCT INBOUND', '2019-01-25 07:59:09'),
('1901250759119273040', 'ADMIN', 'INSERT PRODUCT INBOUND DETAIL', '2019-01-25 07:59:11'),
('1901250903103404679', 'ADMIN', 'INSERT PRODUCT INBOUND', '2019-01-25 09:03:10'),
('1901250903118723931', 'ADMIN', 'INSERT PRODUCT INBOUND DETAIL', '2019-01-25 09:03:11'),
('1901250933375254480', 'ADMIN', 'DELETE INBOUND DATA', '2019-01-25 09:33:37'),
('1901250943192416738', 'ADMIN', 'INSERT PRODUCT INBOUND', '2019-01-25 09:43:19'),
('1901250943215125322', 'ADMIN', 'INSERT PRODUCT INBOUND DETAIL', '2019-01-25 09:43:21'),
('1901250943339376380', 'ADMIN', 'APPROVE INBOUND DATA', '2019-01-25 09:43:33'),
('1901250948416461372', 'ADMIN', 'INSERT PRODUCT INBOUND', '2019-01-25 09:48:41'),
('1901250948431845661', 'ADMIN', 'INSERT PRODUCT INBOUND DETAIL', '2019-01-25 09:48:43'),
('1901250948572453833', 'ADMIN', 'APPROVE INBOUND DATA', '2019-01-25 09:48:57'),
('1901271559167146278', 'ADMIN', 'LOGIN', '2019-01-27 15:59:16'),
('1901280217537992899', 'ADMIN', 'LOGIN', '2019-01-28 02:17:53'),
('1901280220098713175', 'ADMIN', 'INSERT SUPPLIER', '2019-01-28 02:20:09'),
('1901280344503233259', 'ADMIN', 'INSERT PRODUCT INBOUND', '2019-01-28 03:44:50'),
('1901280345152105559', 'ADMIN', 'INSERT PRODUCT INBOUND DETAIL', '2019-01-28 03:45:15'),
('1901280346592254492', 'ADMIN', 'APPROVE INBOUND DATA', '2019-01-28 03:46:59'),
('1901280348279674423', 'ADMIN', 'INSERT PRODUCT INBOUND', '2019-01-28 03:48:27'),
('1901280348285246080', 'ADMIN', 'INSERT PRODUCT INBOUND DETAIL', '2019-01-28 03:48:28'),
('1901280348476987020', 'ADMIN', 'APPROVE INBOUND DATA', '2019-01-28 03:48:47'),
('1901280351013173222', 'ADMIN', 'INSERT PRODUCT INBOUND', '2019-01-28 03:51:01'),
('1901280351275850489', 'ADMIN', 'INSERT PRODUCT INBOUND', '2019-01-28 03:51:27'),
('1901280351303695197', 'ADMIN', 'INSERT PRODUCT INBOUND DETAIL', '2019-01-28 03:51:30'),
('1901280418348154260', 'ADMIN', 'INSERT PRODUCT INBOUND', '2019-01-28 04:18:34'),
('1901280418363450793', 'ADMIN', 'INSERT PRODUCT INBOUND DETAIL', '2019-01-28 04:18:36'),
('1901280418448203617', 'ADMIN', 'DELETE INBOUND DATA', '2019-01-28 04:18:44'),
('1901280421279795712', 'ADMIN', 'INSERT PRODUCT INBOUND', '2019-01-28 04:21:27'),
('1901280421294532899', 'ADMIN', 'INSERT PRODUCT INBOUND DETAIL', '2019-01-28 04:21:29'),
('1901280427297631589', 'ADMIN', 'APPROVE INBOUND DATA', '2019-01-28 04:27:29'),
('1901280432328132393', 'ADMIN', 'INSERT PRODUCT INBOUND', '2019-01-28 04:32:32'),
('1901280432343160275', 'ADMIN', 'INSERT PRODUCT INBOUND DETAIL', '2019-01-28 04:32:34'),
('1901280433333091674', 'ADMIN', 'INSERT PRODUCT INBOUND', '2019-01-28 04:33:33'),
('1901280433346295019', 'ADMIN', 'INSERT PRODUCT INBOUND DETAIL', '2019-01-28 04:33:34'),
('1901280436298188223', 'ADMIN', 'INSERT PRODUCT INBOUND', '2019-01-28 04:36:29'),
('1901280554411404639', 'ADMIN', 'INSERT PRODUCT INBOUND', '2019-01-28 05:54:41'),
('1901280708351888024', 'ADMIN', 'INSERT PRODUCT INBOUND', '2019-01-28 07:08:35'),
('1901280726093013533', 'ADMIN', 'INSERT PRODUCT INBOUND', '2019-01-28 07:26:09'),
('1901280738047065680', 'ADMIN', 'DELETE INBOUND DATA', '2019-01-28 07:38:04'),
('1901280738237886229', 'ADMIN', 'INSERT PRODUCT INBOUND', '2019-01-28 07:38:23'),
('1901280739229462665', 'ADMIN', 'DELETE INBOUND DATA', '2019-01-28 07:39:22'),
('1901280739403540841', 'ADMIN', 'INSERT PRODUCT INBOUND', '2019-01-28 07:39:40'),
('1901280741402089280', 'ADMIN', 'DELETE INBOUND DATA', '2019-01-28 07:41:40'),
('1901280741595185258', 'ADMIN', 'INSERT PRODUCT INBOUND', '2019-01-28 07:41:59'),
('1901280749484629421', 'ADMIN', 'DELETE INBOUND DATA', '2019-01-28 07:49:48'),
('1901280750099673371', 'ADMIN', 'INSERT PRODUCT INBOUND', '2019-01-28 07:50:09'),
('1901280754192551229', 'ADMIN', 'INSERT PRODUCT INBOUND', '2019-01-28 07:54:19'),
('1901280754324232056', 'ADMIN', 'DELETE INBOUND DATA', '2019-01-28 07:54:32'),
('1901280756285135382', 'ADMIN', 'INSERT PRODUCT INBOUND', '2019-01-28 07:56:28'),
('1901280759585268047', 'ADMIN', 'INSERT PRODUCT INBOUND', '2019-01-28 07:59:58'),
('1901280806004293397', 'ADMIN', 'INSERT PRODUCT INBOUND', '2019-01-28 08:06:00'),
('1901280806242822237', 'ADMIN', 'DELETE INBOUND DATA', '2019-01-28 08:06:24'),
('1901280809142641366', 'ADMIN', 'DELETE INBOUND DATA', '2019-01-28 08:09:14'),
('1901280809464693474', 'ADMIN', 'INSERT PRODUCT INBOUND', '2019-01-28 08:09:46'),
('1901280814111400522', 'ADMIN', 'DELETE INBOUND DATA', '2019-01-28 08:14:11'),
('1901280814226066883', 'ADMIN', 'INSERT PRODUCT INBOUND', '2019-01-28 08:14:22'),
('1901280815054117240', 'ADMIN', 'INSERT PRODUCT INBOUND', '2019-01-28 08:15:05'),
('1901280819171288772', 'ADMIN', 'INSERT PRODUCT INBOUND', '2019-01-28 08:19:17'),
('1901280833182370524', 'ADMIN', 'INSERT PRODUCT INBOUND', '2019-01-28 08:33:18'),
('1901280834174302228', 'ADMIN', 'INSERT PRODUCT INBOUND', '2019-01-28 08:34:17'),
('1901280838583437491', 'ADMIN', 'INSERT PRODUCT INBOUND', '2019-01-28 08:38:58'),
('1901280853156356627', 'ADMIN', 'INSERT PRODUCT INBOUND', '2019-01-28 08:53:15'),
('1901280859194348697', 'ADMIN', 'INSERT PRODUCT INBOUND', '2019-01-28 08:59:19'),
('1901280902596140487', 'ADMIN', 'INSERT PRODUCT INBOUND', '2019-01-28 09:02:59'),
('1901280903128312478', 'ADMIN', 'DELETE INBOUND DATA', '2019-01-28 09:03:12'),
('1901280932406572590', 'ADMIN', 'INSERT PRODUCT INBOUND', '2019-01-28 09:32:40'),
('1901281007288333825', 'ADMIN', 'INSERT PRODUCT INBOUND', '2019-01-28 10:07:28'),
('1901281008297158174', 'ADMIN', 'INSERT PRODUCT INBOUND', '2019-01-28 10:08:29'),
('1901281012001808567', 'ADMIN', 'INSERT PRODUCT INBOUND', '2019-01-28 10:12:00'),
('1901281017575839898', 'ADMIN', 'INSERT PRODUCT', '2019-01-28 10:17:57'),
('1901281019012675229', 'ADMIN', 'INSERT PRODUCT INBOUND', '2019-01-28 10:19:01'),
('1901281027195148684', 'ADMIN', 'INSERT PRODUCT INBOUND', '2019-01-28 10:27:19'),
('1901281031029250719', 'ADMIN', 'APPROVE INBOUND DATA', '2019-01-28 10:31:02'),
('1901281031341402182', 'ADMIN', 'INSERT PRODUCT INBOUND', '2019-01-28 10:31:34'),
('1901281032511475686', 'ADMIN', 'APPROVE INBOUND DATA', '2019-01-28 10:32:51'),
('1901281035284870328', 'ADMIN', 'APPROVE INBOUND DATA', '2019-01-28 10:35:28'),
('1901281035584250780', 'ADMIN', 'INSERT PRODUCT INBOUND', '2019-01-28 10:35:58'),
('1901281036338296985', 'ADMIN', 'INSERT PRODUCT INBOUND DETAIL', '2019-01-28 10:36:33'),
('1901281036451783014', 'ADMIN', 'APPROVE INBOUND DATA', '2019-01-28 10:36:45'),
('1901281037437628358', 'ADMIN', 'INSERT PRODUCT INBOUND', '2019-01-28 10:37:43'),
('1901281039542585447', 'ADMIN', 'INSERT PRODUCT INBOUND', '2019-01-28 10:39:54'),
('1901281041047441964', 'ADMIN', 'INSERT PRODUCT INBOUND', '2019-01-28 10:41:04'),
('1901281043252183445', 'ADMIN', 'INSERT PRODUCT INBOUND', '2019-01-28 10:43:25'),
('1901281045155495818', 'ADMIN', 'INSERT PRODUCT INBOUND', '2019-01-28 10:45:15'),
('1901281048007775885', 'ADMIN', 'INSERT PRODUCT INBOUND', '2019-01-28 10:48:00'),
('1901281051213353142', 'ADMIN', 'INSERT PRODUCT INBOUND', '2019-01-28 10:51:21'),
('1901281056001946389', 'ADMIN', 'INSERT PRODUCT INBOUND', '2019-01-28 10:56:00'),
('1901281102152118595', 'ADMIN', 'DELETE INBOUND DATA', '2019-01-28 11:02:15'),
('1901281102502278030', 'ADMIN', 'INSERT PRODUCT INBOUND', '2019-01-28 11:02:50'),
('1901281104111609137', 'ADMIN', 'INSERT PRODUCT INBOUND', '2019-01-28 11:04:11'),
('1901281110041893712', 'ADMIN', 'INSERT PRODUCT INBOUND', '2019-01-28 11:10:04'),
('1901281113413369155', 'ADMIN', 'INSERT PRODUCT INBOUND', '2019-01-28 11:13:41'),
('1901281145298364281', 'ADMIN', 'INSERT PRODUCT INBOUND', '2019-01-28 11:45:29'),
('1901281146034577087', 'ADMIN', 'INSERT PRODUCT INBOUND', '2019-01-28 11:46:03'),
('1901281146561388626', 'ADMIN', 'INSERT PRODUCT INBOUND', '2019-01-28 11:46:56'),
('1901281147295744339', 'ADMIN', 'INSERT PRODUCT INBOUND', '2019-01-28 11:47:29'),
('1901281150038484164', 'ADMIN', 'INSERT PRODUCT INBOUND', '2019-01-28 11:50:03'),
('1901281151497596851', 'ADMIN', 'INSERT PRODUCT INBOUND', '2019-01-28 11:51:49'),
('1901281154376193861', 'ADMIN', 'INSERT PRODUCT INBOUND', '2019-01-28 11:54:37'),
('1901281154438387388', 'ADMIN', 'INSERT PRODUCT INBOUND DETAIL', '2019-01-28 11:54:43'),
('1901281154529801489', 'ADMIN', 'APPROVE INBOUND DATA', '2019-01-28 11:54:52'),
('1901281155377821479', 'ADMIN', 'INSERT PRODUCT INBOUND', '2019-01-28 11:55:37'),
('1901281157285676258', 'ADMIN', 'INSERT PRODUCT INBOUND', '2019-01-28 11:57:28'),
('1901281159269818288', 'ADMIN', 'INSERT PRODUCT INBOUND', '2019-01-28 11:59:26'),
('1901281216551916454', 'ADMIN', 'INSERT PRODUCT INBOUND', '2019-01-28 12:16:55'),
('1901281300463058861', 'ADMIN', 'INSERT PRODUCT INBOUND', '2019-01-28 13:00:46'),
('1901281308375652365', 'ADMIN', 'INSERT PRODUCT INBOUND DETAIL', '2019-01-28 13:08:37'),
('1901281308592700162', 'ADMIN', 'APPROVE INBOUND DATA', '2019-01-28 13:08:59'),
('1901281319164740639', 'ADMIN', 'INSERT PRODUCT INBOUND', '2019-01-28 13:19:16'),
('1901281324254777568', 'ADMIN', 'INSERT PRODUCT INBOUND', '2019-01-28 13:24:25'),
('1901281324587614435', 'ADMIN', 'INSERT PRODUCT INBOUND', '2019-01-28 13:24:58'),
('1901281325481748099', 'ADMIN', 'INSERT PRODUCT INBOUND', '2019-01-28 13:25:48'),
('1901281326114093968', 'ADMIN', 'INSERT PRODUCT INBOUND DETAIL', '2019-01-28 13:26:11'),
('1901281334345985246', 'ADMIN', 'INSERT PRODUCT INBOUND', '2019-01-28 13:34:34'),
('1901281335342877016', 'ADMIN', 'INSERT PRODUCT INBOUND', '2019-01-28 13:35:34'),
('1901281338032784522', 'ADMIN', 'INSERT PRODUCT INBOUND', '2019-01-28 13:38:03'),
('1901281338259638468', 'ADMIN', 'INSERT PRODUCT INBOUND DETAIL', '2019-01-28 13:38:25'),
('1901281339422841747', 'ADMIN', 'INSERT PRODUCT INBOUND DETAIL', '2019-01-28 13:39:42'),
('1901281342009536169', 'ADMIN', 'INSERT PRODUCT INBOUND DETAIL', '2019-01-28 13:42:00'),
('1901281342549499760', 'ADMIN', 'INSERT PRODUCT INBOUND', '2019-01-28 13:42:54'),
('1901281348572228773', 'ADMIN', 'APPROVE INBOUND DATA', '2019-01-28 13:48:57'),
('1901281349273947226', 'ADMIN', 'INSERT PRODUCT INBOUND', '2019-01-28 13:49:27'),
('1901281349379290094', 'ADMIN', 'APPROVE INBOUND DATA', '2019-01-28 13:49:37'),
('1901281349589009381', 'ADMIN', 'INSERT PRODUCT INBOUND', '2019-01-28 13:49:58'),
('1901281350088238354', 'ADMIN', 'APPROVE INBOUND DATA', '2019-01-28 13:50:08'),
('1901281350108851783', 'ADMIN', 'INSERT PRODUCT INBOUND DETAIL', '2019-01-28 13:50:10'),
('1901281354212338332', 'ADMIN', 'INSERT PRODUCT INBOUND DETAIL', '2019-01-28 13:54:21'),
('1901281356295406821', 'ADMIN', 'INSERT PRODUCT INBOUND DETAIL', '2019-01-28 13:56:29'),
('1901281356406608379', 'ADMIN', 'APPROVE INBOUND DATA', '2019-01-28 13:56:40'),
('1901281400017935940', 'ADMIN', 'INSERT PRODUCT INBOUND DETAIL', '2019-01-28 14:00:01'),
('1901281406076070480', 'ADMIN', 'INSERT PRODUCT INBOUND DETAIL', '2019-01-28 14:06:07'),
('1901281409481590932', 'ADMIN', 'INSERT PRODUCT INBOUND DETAIL', '2019-01-28 14:09:48'),
('1901281415085099073', 'ADMIN', 'INSERT PRODUCT INBOUND DETAIL', '2019-01-28 14:15:08'),
('1901281415223540576', 'ADMIN', 'APPROVE INBOUND DATA', '2019-01-28 14:15:22'),
('1901281419196442547', 'ADMIN', 'INSERT PRODUCT INBOUND DETAIL', '2019-01-28 14:19:19'),
('1901281419379363863', 'ADMIN', 'APPROVE INBOUND DATA', '2019-01-28 14:19:37'),
('1901281433195645637', 'ADMIN', 'INSERT PRODUCT INBOUND DETAIL', '2019-01-28 14:33:19'),
('1901281433347769322', 'ADMIN', 'APPROVE INBOUND DATA', '2019-01-28 14:33:34'),
('1901281434228107360', 'ADMIN', 'INSERT PRODUCT INBOUND DETAIL', '2019-01-28 14:34:22'),
('1901281434481717999', 'ADMIN', 'APPROVE INBOUND DATA', '2019-01-28 14:34:48'),
('1901281438591838933', 'ADMIN', 'INSERT PRODUCT INBOUND DETAIL', '2019-01-28 14:38:59'),
('1901281453176087279', 'ADMIN', 'INSERT PRODUCT INBOUND DETAIL', '2019-01-28 14:53:17'),
('1901281459217297668', 'ADMIN', 'INSERT PRODUCT INBOUND DETAIL', '2019-01-28 14:59:21'),
('1901281503005048056', 'ADMIN', 'INSERT PRODUCT INBOUND DETAIL', '2019-01-28 15:03:00'),
('1901281503264087759', 'ADMIN', 'APPROVE INBOUND DATA', '2019-01-28 15:03:26'),
('1901281532425296743', 'ADMIN', 'INSERT PRODUCT INBOUND DETAIL', '2019-01-28 15:32:42'),
('1901281607308849591', 'ADMIN', 'INSERT PRODUCT INBOUND DETAIL', '2019-01-28 16:07:30'),
('1901281608329355729', 'ADMIN', 'INSERT PRODUCT INBOUND DETAIL', '2019-01-28 16:08:32'),
('1901281608515194798', 'ADMIN', 'APPROVE INBOUND DATA', '2019-01-28 16:08:51'),
('1901281612022470632', 'ADMIN', 'INSERT PRODUCT INBOUND DETAIL', '2019-01-28 16:12:02'),
('1901281612245533367', 'ADMIN', 'APPROVE INBOUND DATA', '2019-01-28 16:12:24'),
('1901281619034183750', 'ADMIN', 'INSERT PRODUCT INBOUND DETAIL', '2019-01-28 16:19:03'),
('1901281619415940792', 'ADMIN', 'APPROVE INBOUND DATA', '2019-01-28 16:19:41'),
('1901281627224561340', 'ADMIN', 'INSERT PRODUCT INBOUND DETAIL', '2019-01-28 16:27:22'),
('1901281627469577912', 'ADMIN', 'APPROVE INBOUND DATA', '2019-01-28 16:27:46'),
('1901281631387682871', 'ADMIN', 'INSERT PRODUCT INBOUND DETAIL', '2019-01-28 16:31:38'),
('1901281632034215422', 'ADMIN', 'APPROVE INBOUND DATA', '2019-01-28 16:32:03'),
('1901281635592001688', 'ADMIN', 'INSERT PRODUCT INBOUND DETAIL', '2019-01-28 16:35:59'),
('1901281636149809014', 'ADMIN', 'APPROVE INBOUND DATA', '2019-01-28 16:36:14'),
('1901281637449698835', 'ADMIN', 'INSERT PRODUCT INBOUND DETAIL', '2019-01-28 16:37:44'),
('1901281638169061449', 'ADMIN', 'APPROVE INBOUND DATA', '2019-01-28 16:38:16'),
('1901281639568759289', 'ADMIN', 'INSERT PRODUCT INBOUND DETAIL', '2019-01-28 16:39:56'),
('1901281640098655330', 'ADMIN', 'APPROVE INBOUND DATA', '2019-01-28 16:40:09'),
('1901281641056166737', 'ADMIN', 'INSERT PRODUCT INBOUND DETAIL', '2019-01-28 16:41:05'),
('1901281641253761972', 'ADMIN', 'APPROVE INBOUND DATA', '2019-01-28 16:41:25'),
('1901281643266888052', 'ADMIN', 'INSERT PRODUCT INBOUND DETAIL', '2019-01-28 16:43:26'),
('1901281643452003880', 'ADMIN', 'APPROVE INBOUND DATA', '2019-01-28 16:43:45'),
('1901281645166297465', 'ADMIN', 'INSERT PRODUCT INBOUND DETAIL', '2019-01-28 16:45:16'),
('1901281648023617056', 'ADMIN', 'INSERT PRODUCT INBOUND DETAIL', '2019-01-28 16:48:02'),
('1901281648178157071', 'ADMIN', 'APPROVE INBOUND DATA', '2019-01-28 16:48:17'),
('1901281651232788019', 'ADMIN', 'INSERT PRODUCT INBOUND DETAIL', '2019-01-28 16:51:23'),
('1901281651513439162', 'ADMIN', 'APPROVE INBOUND DATA', '2019-01-28 16:51:51'),
('1901281656014638695', 'ADMIN', 'INSERT PRODUCT INBOUND DETAIL', '2019-01-28 16:56:01'),
('1901281702522909828', 'ADMIN', 'INSERT PRODUCT INBOUND DETAIL', '2019-01-28 17:02:52'),
('1901281704133241392', 'ADMIN', 'INSERT PRODUCT INBOUND DETAIL', '2019-01-28 17:04:13'),
('1901281706315177999', 'ADMIN', 'APPROVE INBOUND DATA', '2019-01-28 17:06:31'),
('1901281710056315670', 'ADMIN', 'INSERT PRODUCT INBOUND DETAIL', '2019-01-28 17:10:05'),
('1901281713429334028', 'ADMIN', 'INSERT PRODUCT INBOUND DETAIL', '2019-01-28 17:13:42'),
('1901281713514523359', 'ADMIN', 'APPROVE INBOUND DATA', '2019-01-28 17:13:51'),
('1901281715048220250', 'ADMIN', 'APPROVE INBOUND DATA', '2019-01-28 17:15:04'),
('1901281745311813989', 'ADMIN', 'INSERT PRODUCT INBOUND DETAIL', '2019-01-28 17:45:31'),
('1901281745421251058', 'ADMIN', 'APPROVE INBOUND DATA', '2019-01-28 17:45:42'),
('1901281746041352571', 'ADMIN', 'INSERT PRODUCT INBOUND DETAIL', '2019-01-28 17:46:04'),
('1901281747317262044', 'ADMIN', 'INSERT PRODUCT INBOUND DETAIL', '2019-01-28 17:47:31'),
('1901281747496031360', 'ADMIN', 'APPROVE INBOUND DATA', '2019-01-28 17:47:49'),
('1901281749016173730', 'ADMIN', 'APPROVE INBOUND DATA', '2019-01-28 17:49:01'),
('1901281750045127768', 'ADMIN', 'INSERT PRODUCT INBOUND DETAIL', '2019-01-28 17:50:04'),
('1901281750197165788', 'ADMIN', 'APPROVE INBOUND DATA', '2019-01-28 17:50:19'),
('1901281751558637125', 'ADMIN', 'INSERT PRODUCT INBOUND DETAIL', '2019-01-28 17:51:55'),
('1901281752092968724', 'ADMIN', 'APPROVE INBOUND DATA', '2019-01-28 17:52:09'),
('1901281754386641191', 'ADMIN', 'INSERT PRODUCT INBOUND DETAIL', '2019-01-28 17:54:38'),
('1901281755411431763', 'ADMIN', 'INSERT PRODUCT INBOUND DETAIL', '2019-01-28 17:55:41'),
('1901281756267809583', 'ADMIN', 'APPROVE INBOUND DATA', '2019-01-28 17:56:26'),
('1901281757299074485', 'ADMIN', 'INSERT PRODUCT INBOUND DETAIL', '2019-01-28 17:57:29'),
('1901281759283048271', 'ADMIN', 'INSERT PRODUCT INBOUND DETAIL', '2019-01-28 17:59:28'),
('1901281759403647423', 'ADMIN', 'APPROVE INBOUND DATA', '2019-01-28 17:59:40'),
('1901281817017475042', 'ADMIN', 'INSERT PRODUCT INBOUND DETAIL', '2019-01-28 18:17:01'),
('1901281817199723348', 'ADMIN', 'APPROVE INBOUND DATA', '2019-01-28 18:17:19'),
('1901281900538598979', 'ADMIN', 'INSERT PRODUCT INBOUND DETAIL', '2019-01-28 19:00:53'),
('1901281919236978355', 'ADMIN', 'INSERT PRODUCT INBOUND DETAIL', '2019-01-28 19:19:23'),
('1901281920478496326', 'ADMIN', 'APPROVE INBOUND DATA', '2019-01-28 19:20:47'),
('1901281924271914363', 'ADMIN', 'INSERT PRODUCT INBOUND DETAIL', '2019-01-28 19:24:27'),
('1901281924369030728', 'ADMIN', 'APPROVE INBOUND DATA', '2019-01-28 19:24:36'),
('1901281924592743831', 'ADMIN', 'INSERT PRODUCT INBOUND DETAIL', '2019-01-28 19:24:59'),
('1901281925114485999', 'ADMIN', 'APPROVE INBOUND DATA', '2019-01-28 19:25:11'),
('1901281925507002767', 'ADMIN', 'INSERT PRODUCT INBOUND DETAIL', '2019-01-28 19:25:50'),
('1901281926009987782', 'ADMIN', 'APPROVE INBOUND DATA', '2019-01-28 19:26:00'),
('1901281934392074938', 'ADMIN', 'INSERT PRODUCT INBOUND DETAIL', '2019-01-28 19:34:39'),
('1901281934528034642', 'ADMIN', 'APPROVE INBOUND DATA', '2019-01-28 19:34:52'),
('1901281935362650551', 'ADMIN', 'INSERT PRODUCT INBOUND DETAIL', '2019-01-28 19:35:36'),
('1901281935459389162', 'ADMIN', 'APPROVE INBOUND DATA', '2019-01-28 19:35:45'),
('1901281938057563419', 'ADMIN', 'INSERT PRODUCT INBOUND DETAIL', '2019-01-28 19:38:05'),
('1901281938173218551', 'ADMIN', 'APPROVE INBOUND DATA', '2019-01-28 19:38:17'),
('1901281942595819414', 'ADMIN', 'INSERT PRODUCT INBOUND DETAIL', '2019-01-28 19:42:59'),
('1901281949296263082', 'ADMIN', 'INSERT PRODUCT INBOUND DETAIL', '2019-01-28 19:49:29'),
('1901281950002274533', 'ADMIN', 'INSERT PRODUCT INBOUND DETAIL', '2019-01-28 19:50:00'),
('1901290234368503420', 'ADMIN', 'LOGIN', '2019-01-29 02:34:36'),
('1901290235433834856', 'ADMIN', 'INSERT PRODUCT INBOUND', '2019-01-29 02:35:43'),
('1901290236341476217', 'ADMIN', 'APPROVE INBOUND DATA', '2019-01-29 02:36:34'),
('1901290238454785968', 'ADMIN', 'INSERT PRODUCT INBOUND', '2019-01-29 02:38:45'),
('1901290248263216980', 'ADMIN', 'INSERT PRODUCT INBOUND', '2019-01-29 02:48:26'),
('1901290301512002219', 'ADMIN', 'INSERT PRODUCT INBOUND', '2019-01-29 03:01:51'),
('1901290315096694399', 'ADMIN', 'INSERT PRODUCT INBOUND', '2019-01-29 03:15:09'),
('1901290325093365824', 'ADMIN', 'INSERT PRODUCT INBOUND', '2019-01-29 03:25:09'),
('1901290325161566874', 'ADMIN', 'DELETE INBOUND DATA', '2019-01-29 03:25:16');
INSERT INTO `tb_log` (`LG_ID`, `UR_ID`, `LG_DESC`, `LG_DATE`) VALUES
('1901290329547371172', 'ADMIN', 'INSERT PRODUCT INBOUND', '2019-01-29 03:29:54'),
('1901290342301674241', 'ADMIN', 'INSERT PRODUCT INBOUND', '2019-01-29 03:42:30'),
('1901290525543878359', 'ADMIN', 'LOGIN', '2019-01-29 05:25:54'),
('1901290549068373731', 'ADMIN', 'INSERT PRODUCT INBOUND', '2019-01-29 05:49:06'),
('1901290805034665564', 'ADMIN', 'INSERT PRODUCT INBOUND', '2019-01-29 08:05:03'),
('1901290806462622022', 'ADMIN', 'INSERT PRODUCT INBOUND', '2019-01-29 08:06:46'),
('1901290810436568473', 'ADMIN', 'INSERT PRODUCT INBOUND', '2019-01-29 08:10:43'),
('1901290819512300617', 'ADMIN', 'INSERT PRODUCT INBOUND', '2019-01-29 08:19:51'),
('1901290835471273379', 'ADMIN', 'INSERT PRODUCT INBOUND DETAIL', '2019-01-29 08:35:47'),
('1901290838508879692', 'ADMIN', 'INSERT PRODUCT INBOUND DETAIL', '2019-01-29 08:38:50'),
('1901290847358343365', 'ADMIN', 'APPROVE INBOUND DATA', '2019-01-29 08:47:35'),
('1901290848278027814', 'ADMIN', 'INSERT PRODUCT INBOUND DETAIL', '2019-01-29 08:48:27'),
('1901290848466650996', 'ADMIN', 'APPROVE INBOUND DATA', '2019-01-29 08:48:46'),
('1901290902006615118', 'ADMIN', 'INSERT PRODUCT INBOUND DETAIL', '2019-01-29 09:02:00'),
('1901290913598049870', 'ADMIN', 'APPROVE INBOUND DATA', '2019-01-29 09:13:59'),
('1901290915003128768', 'ADMIN', 'INSERT PRODUCT INBOUND', '2019-01-29 09:15:00'),
('1901290915108837695', 'ADMIN', 'INSERT PRODUCT INBOUND DETAIL', '2019-01-29 09:15:10'),
('1901290921239111845', 'ADMIN', 'INSERT PRODUCT INBOUND', '2019-01-29 09:21:23'),
('1901290925102468795', 'ADMIN', 'INSERT PRODUCT INBOUND DETAIL', '2019-01-29 09:25:10'),
('1901290930014704850', 'ADMIN', 'INSERT PRODUCT INBOUND DETAIL', '2019-01-29 09:30:01'),
('1901290942343300554', 'ADMIN', 'INSERT PRODUCT INBOUND DETAIL', '2019-01-29 09:42:34'),
('1901291008361608086', 'ADMIN', 'INSERT PRODUCT INBOUND', '2019-01-29 10:08:36'),
('1901291018223242964', 'ADMIN', 'DELETE INBOUND DATA', '2019-01-29 10:18:22'),
('1901291018505111755', 'ADMIN', 'INSERT PRODUCT INBOUND', '2019-01-29 10:18:50'),
('1901291020144557223', 'ADMIN', 'INSERT PRODUCT INBOUND', '2019-01-29 10:20:14'),
('1901291043299798943', 'ADMIN', 'INSERT PRODUCT INBOUND', '2019-01-29 10:43:29'),
('1901291056176151243', 'ADMIN', 'INSERT PRODUCT INBOUND', '2019-01-29 10:56:17'),
('1901291059485516734', 'ADMIN', 'INSERT PRODUCT INBOUND', '2019-01-29 10:59:48'),
('1901291102431299363', 'ADMIN', 'INSERT PRODUCT INBOUND', '2019-01-29 11:02:43'),
('1901291149085339625', 'ADMIN', 'INSERT PRODUCT INBOUND DETAIL', '2019-01-29 11:49:08'),
('1901291324396909919', 'ADMIN', 'APPROVE INBOUND DATA', '2019-01-29 13:24:39'),
('1901291345385219476', 'ADMIN', 'APPROVE INBOUND DATA', '2019-01-29 13:45:38'),
('1901291405041191376', 'ADMIN', 'INSERT PRODUCT INBOUND DETAIL', '2019-01-29 14:05:04'),
('1901291405246481313', 'ADMIN', 'APPROVE INBOUND DATA', '2019-01-29 14:05:24'),
('1901291406477096047', 'ADMIN', 'INSERT PRODUCT INBOUND DETAIL', '2019-01-29 14:06:47'),
('1901291407103696514', 'ADMIN', 'APPROVE INBOUND DATA', '2019-01-29 14:07:10'),
('1901291410441159615', 'ADMIN', 'INSERT PRODUCT INBOUND DETAIL', '2019-01-29 14:10:44'),
('1901291418119963369', 'ADMIN', 'APPROVE INBOUND DATA', '2019-01-29 14:18:11'),
('1901291419529154197', 'ADMIN', 'INSERT PRODUCT INBOUND DETAIL', '2019-01-29 14:19:52'),
('1901291502369585260', 'ADMIN', 'APPROVE INBOUND DATA', '2019-01-29 15:02:36'),
('1901291509432058393', 'ADMIN', 'APPROVE INBOUND DATA', '2019-01-29 15:09:43'),
('1901291512507342997', 'ADMIN', 'APPROVE INBOUND DATA', '2019-01-29 15:12:50'),
('1901291515019878755', 'ADMIN', 'INSERT PRODUCT INBOUND DETAIL', '2019-01-29 15:15:01'),
('1901291515215233044', 'ADMIN', 'APPROVE INBOUND DATA', '2019-01-29 15:15:21'),
('1901291521243682946', 'ADMIN', 'INSERT PRODUCT INBOUND DETAIL', '2019-01-29 15:21:24'),
('1901291522135918736', 'ADMIN', 'APPROVE INBOUND DATA', '2019-01-29 15:22:13'),
('1901291608389914024', 'ADMIN', 'INSERT PRODUCT INBOUND DETAIL', '2019-01-29 16:08:38'),
('1901291618522710233', 'ADMIN', 'INSERT PRODUCT INBOUND DETAIL', '2019-01-29 16:18:52'),
('1901291619134793582', 'ADMIN', 'APPROVE INBOUND DATA', '2019-01-29 16:19:13'),
('1901291620165215625', 'ADMIN', 'INSERT PRODUCT INBOUND DETAIL', '2019-01-29 16:20:16'),
('1901291621083675952', 'ADMIN', 'APPROVE INBOUND DATA', '2019-01-29 16:21:08'),
('1901291643302604692', 'ADMIN', 'INSERT PRODUCT INBOUND DETAIL', '2019-01-29 16:43:30'),
('1901291644166944757', 'ADMIN', 'APPROVE INBOUND DATA', '2019-01-29 16:44:16'),
('1901291656186241026', 'ADMIN', 'INSERT PRODUCT INBOUND DETAIL', '2019-01-29 16:56:18'),
('1901291656334459826', 'ADMIN', 'APPROVE INBOUND DATA', '2019-01-29 16:56:33'),
('1901291659495776985', 'ADMIN', 'INSERT PRODUCT INBOUND DETAIL', '2019-01-29 16:59:49'),
('1901291700035337169', 'ADMIN', 'APPROVE INBOUND DATA', '2019-01-29 17:00:03'),
('1901291702449064946', 'ADMIN', 'INSERT PRODUCT INBOUND DETAIL', '2019-01-29 17:02:44'),
('1901291703038700658', 'ADMIN', 'APPROVE INBOUND DATA', '2019-01-29 17:03:03'),
('1901300242464307916', 'ADMIN', 'LOGIN', '2019-01-30 02:42:46'),
('1901300318312135139', 'ADMIN', 'INSERT PRODUCT INBOUND', '2019-01-30 03:18:31'),
('1901300502517438467', 'ADMIN', 'INSERT PRODUCT INBOUND', '2019-01-30 05:02:51'),
('1901300504023702556', 'ADMIN', 'INSERT PRODUCT INBOUND', '2019-01-30 05:04:02'),
('1901300507083282084', 'ADMIN', 'INSERT PRODUCT INBOUND', '2019-01-30 05:07:08'),
('1901300508406707612', 'ADMIN', 'INSERT PRODUCT INBOUND', '2019-01-30 05:08:40'),
('1901300511122422946', 'ADMIN', 'INSERT PRODUCT INBOUND', '2019-01-30 05:11:12'),
('1901300513034370144', 'ADMIN', 'INSERT PRODUCT INBOUND', '2019-01-30 05:13:03'),
('1901300523211439022', 'ADMIN', 'INSERT PRODUCT INBOUND', '2019-01-30 05:23:21'),
('1901300527054070340', 'ADMIN', 'INSERT PRODUCT INBOUND', '2019-01-30 05:27:05'),
('1901300528462053491', 'ADMIN', 'INSERT PRODUCT INBOUND', '2019-01-30 05:28:46'),
('1901300530585396585', 'ADMIN', 'INSERT PRODUCT INBOUND', '2019-01-30 05:30:58'),
('1901300531191336723', 'ADMIN', 'INSERT PRODUCT INBOUND', '2019-01-30 05:31:19'),
('1901300641091507192', 'ADMIN', 'INSERT PRODUCT INBOUND', '2019-01-30 06:41:09'),
('1901300642119631640', 'ADMIN', 'INSERT PRODUCT INBOUND', '2019-01-30 06:42:11'),
('1901300643164130897', 'ADMIN', 'INSERT PRODUCT INBOUND', '2019-01-30 06:43:16'),
('1901300644108588389', 'ADMIN', 'INSERT PRODUCT INBOUND', '2019-01-30 06:44:10'),
('1901300650418578064', 'ADMIN', 'INSERT PRODUCT INBOUND', '2019-01-30 06:50:41'),
('1901300740581559260', 'ADMIN', 'INSERT PRODUCT INBOUND', '2019-01-30 07:40:58'),
('1901300742072071175', 'ADMIN', 'INSERT PRODUCT INBOUND', '2019-01-30 07:42:07'),
('1901300751369128124', 'ADMIN', 'INSERT PRODUCT INBOUND', '2019-01-30 07:51:36'),
('1901300754583966736', 'ADMIN', 'DELETE INBOUND DATA', '2019-01-30 07:54:58'),
('1901300757569309615', 'ADMIN', 'INSERT PRODUCT INBOUND', '2019-01-30 07:57:56'),
('1901300759066154575', 'ADMIN', 'INSERT PRODUCT INBOUND', '2019-01-30 07:59:06'),
('1901300800144124334', 'ADMIN', 'INSERT PRODUCT INBOUND', '2019-01-30 08:00:14'),
('1901300801034329618', 'ADMIN', 'INSERT PRODUCT INBOUND', '2019-01-30 08:01:03'),
('1901300854449351347', 'ADMIN', 'INSERT PRODUCT INBOUND', '2019-01-30 08:54:44'),
('1901300859478144555', 'ADMIN', 'INSERT PRODUCT INBOUND', '2019-01-30 08:59:47'),
('1901300918336838175', 'ADMIN', 'INSERT PRODUCT INBOUND DETAIL', '2019-01-30 09:18:33'),
('1901300919135769537', 'ADMIN', 'APPROVE INBOUND DATA', '2019-01-30 09:19:13'),
('1901301041588902179', 'ADMIN', 'INSERT PRODUCT INBOUND', '2019-01-30 10:41:58'),
('1901301043021740486', 'ADMIN', 'INSERT PRODUCT INBOUND', '2019-01-30 10:43:02'),
('1901301102529226826', 'ADMIN', 'INSERT PRODUCT INBOUND DETAIL', '2019-01-30 11:02:52'),
('1901301103039841040', 'ADMIN', 'APPROVE INBOUND DATA', '2019-01-30 11:03:03'),
('1901301104037816842', 'ADMIN', 'INSERT PRODUCT INBOUND DETAIL', '2019-01-30 11:04:03'),
('1901301104224420275', 'ADMIN', 'APPROVE INBOUND DATA', '2019-01-30 11:04:22'),
('1901301107105020046', 'ADMIN', 'INSERT PRODUCT INBOUND DETAIL', '2019-01-30 11:07:10'),
('1901301107293346668', 'ADMIN', 'APPROVE INBOUND DATA', '2019-01-30 11:07:29'),
('1901301108418536752', 'ADMIN', 'INSERT PRODUCT INBOUND DETAIL', '2019-01-30 11:08:41'),
('1901301108514935166', 'ADMIN', 'APPROVE INBOUND DATA', '2019-01-30 11:08:51'),
('1901301111134266273', 'ADMIN', 'INSERT PRODUCT INBOUND DETAIL', '2019-01-30 11:11:13'),
('1901301111329797017', 'ADMIN', 'APPROVE INBOUND DATA', '2019-01-30 11:11:32'),
('1901301113049418642', 'ADMIN', 'INSERT PRODUCT INBOUND DETAIL', '2019-01-30 11:13:04'),
('1901301113133146618', 'ADMIN', 'APPROVE INBOUND DATA', '2019-01-30 11:13:13'),
('1901301123219277323', 'ADMIN', 'INSERT PRODUCT INBOUND DETAIL', '2019-01-30 11:23:21'),
('1901301127073267122', 'ADMIN', 'INSERT PRODUCT INBOUND DETAIL', '2019-01-30 11:27:07'),
('1901301127238529493', 'ADMIN', 'APPROVE INBOUND DATA', '2019-01-30 11:27:23'),
('1901301128479780053', 'ADMIN', 'INSERT PRODUCT INBOUND DETAIL', '2019-01-30 11:28:47'),
('1901301129076052276', 'ADMIN', 'APPROVE INBOUND DATA', '2019-01-30 11:29:07'),
('1901301131002884364', 'ADMIN', 'INSERT PRODUCT INBOUND DETAIL', '2019-01-30 11:31:00'),
('1901301131204668796', 'ADMIN', 'INSERT PRODUCT INBOUND DETAIL', '2019-01-30 11:31:20'),
('1901301132423466717', 'ADMIN', 'APPROVE INBOUND DATA', '2019-01-30 11:32:42'),
('1901301133195168460', 'ADMIN', 'APPROVE INBOUND DATA', '2019-01-30 11:33:19'),
('1901301241097465071', 'ADMIN', 'INSERT PRODUCT INBOUND DETAIL', '2019-01-30 12:41:09'),
('1901301241242111247', 'ADMIN', 'APPROVE INBOUND DATA', '2019-01-30 12:41:24'),
('1901301242129892843', 'ADMIN', 'INSERT PRODUCT INBOUND DETAIL', '2019-01-30 12:42:12'),
('1901301242288075334', 'ADMIN', 'APPROVE INBOUND DATA', '2019-01-30 12:42:28'),
('1901301243176909919', 'ADMIN', 'INSERT PRODUCT INBOUND DETAIL', '2019-01-30 12:43:17'),
('1901301243289008595', 'ADMIN', 'APPROVE INBOUND DATA', '2019-01-30 12:43:28'),
('1901301244115648513', 'ADMIN', 'INSERT PRODUCT INBOUND DETAIL', '2019-01-30 12:44:11'),
('1901301245006973452', 'ADMIN', 'APPROVE INBOUND DATA', '2019-01-30 12:45:00'),
('1901301250438791581', 'ADMIN', 'INSERT PRODUCT INBOUND DETAIL', '2019-01-30 12:50:43'),
('1901301250553776325', 'ADMIN', 'APPROVE INBOUND DATA', '2019-01-30 12:50:55'),
('1901301340593280944', 'ADMIN', 'INSERT PRODUCT INBOUND DETAIL', '2019-01-30 13:40:59'),
('1901301342082298780', 'ADMIN', 'INSERT PRODUCT INBOUND DETAIL', '2019-01-30 13:42:08'),
('1901301343456590175', 'ADMIN', 'APPROVE INBOUND DATA', '2019-01-30 13:43:45'),
('1901301354419321511', 'ADMIN', 'INSERT PRODUCT INBOUND DETAIL', '2019-01-30 13:54:41'),
('1901301355123572082', 'ADMIN', 'APPROVE INBOUND DATA', '2019-01-30 13:55:12'),
('1901301357572102327', 'ADMIN', 'INSERT PRODUCT INBOUND DETAIL', '2019-01-30 13:57:57'),
('1901301358145063184', 'ADMIN', 'APPROVE INBOUND DATA', '2019-01-30 13:58:14'),
('1901301359074312819', 'ADMIN', 'INSERT PRODUCT INBOUND DETAIL', '2019-01-30 13:59:07'),
('1901301359226055773', 'ADMIN', 'APPROVE INBOUND DATA', '2019-01-30 13:59:22'),
('1901301400143884213', 'ADMIN', 'INSERT PRODUCT INBOUND DETAIL', '2019-01-30 14:00:14'),
('1901301401044039188', 'ADMIN', 'INSERT PRODUCT INBOUND DETAIL', '2019-01-30 14:01:04'),
('1901301401172794327', 'ADMIN', 'APPROVE INBOUND DATA', '2019-01-30 14:01:17'),
('1901301454458140792', 'ADMIN', 'INSERT PRODUCT INBOUND DETAIL', '2019-01-30 14:54:45'),
('1901301455004957488', 'ADMIN', 'APPROVE INBOUND DATA', '2019-01-30 14:55:00'),
('1901301459499521727', 'ADMIN', 'INSERT PRODUCT INBOUND DETAIL', '2019-01-30 14:59:49'),
('1901301500026282592', 'ADMIN', 'APPROVE INBOUND DATA', '2019-01-30 15:00:02'),
('1901301515362125334', 'ADMIN', 'LOGIN', '2019-01-30 15:15:36'),
('1901301522302036172', 'ADMIN', 'INSERT PRODUCT INBOUND', '2019-01-30 15:22:30'),
('1901301536309535029', 'ADMIN', 'INSERT PRODUCT INBOUND', '2019-01-30 15:36:30'),
('1901301613245135382', 'ADMIN', 'INSERT PRODUCT INBOUND', '2019-01-30 16:13:24'),
('1901301637267906094', 'ADMIN', 'INSERT PRODUCT INBOUND', '2019-01-30 16:37:26'),
('1901301641592960679', 'ADMIN', 'INSERT PRODUCT INBOUND DETAIL', '2019-01-30 16:41:59'),
('1901301642138973237', 'ADMIN', 'APPROVE INBOUND DATA', '2019-01-30 16:42:13'),
('1901301642173827862', 'ADMIN', 'INSERT PRODUCT INBOUND', '2019-01-30 16:42:17'),
('1901301643025539575', 'ADMIN', 'INSERT PRODUCT INBOUND DETAIL', '2019-01-30 16:43:02'),
('1901301643298911199', 'ADMIN', 'APPROVE INBOUND DATA', '2019-01-30 16:43:29'),
('1901301649235605731', 'ADMIN', 'INSERT PRODUCT INBOUND', '2019-01-30 16:49:23'),
('1901301702134290686', 'ADMIN', 'INSERT PRODUCT INBOUND', '2019-01-30 17:02:13'),
('1901301703593798281', 'ADMIN', 'INSERT PRODUCT INBOUND', '2019-01-30 17:03:59'),
('1901301705417454126', 'ADMIN', 'INSERT PRODUCT INBOUND', '2019-01-30 17:05:41'),
('1901301707187769322', 'ADMIN', 'INSERT PRODUCT INBOUND', '2019-01-30 17:07:18'),
('1901302122316909488', 'ADMIN', 'INSERT PRODUCT INBOUND DETAIL', '2019-01-30 21:22:31'),
('1901302124401260243', 'ADMIN', 'APPROVE INBOUND DATA', '2019-01-30 21:24:40'),
('1901302136318787730', 'ADMIN', 'INSERT PRODUCT INBOUND DETAIL', '2019-01-30 21:36:31'),
('1901302137268854140', 'ADMIN', 'APPROVE INBOUND DATA', '2019-01-30 21:37:26'),
('1901302213255406821', 'ADMIN', 'INSERT PRODUCT INBOUND DETAIL', '2019-01-30 22:13:25'),
('1901302214071483831', 'ADMIN', 'APPROVE INBOUND DATA', '2019-01-30 22:14:07'),
('1901302237278865516', 'ADMIN', 'INSERT PRODUCT INBOUND DETAIL', '2019-01-30 22:37:27'),
('1901302237409392658', 'ADMIN', 'APPROVE INBOUND DATA', '2019-01-30 22:37:40'),
('1901302242183426646', 'ADMIN', 'INSERT PRODUCT INBOUND DETAIL', '2019-01-30 22:42:18'),
('1901302242346607594', 'ADMIN', 'APPROVE INBOUND DATA', '2019-01-30 22:42:34'),
('1901302249241877788', 'ADMIN', 'INSERT PRODUCT INBOUND DETAIL', '2019-01-30 22:49:24'),
('1901302250088390264', 'ADMIN', 'APPROVE INBOUND DATA', '2019-01-30 22:50:08'),
('1901302302149090764', 'ADMIN', 'INSERT PRODUCT INBOUND DETAIL', '2019-01-30 23:02:14'),
('1901302302279264376', 'ADMIN', 'APPROVE INBOUND DATA', '2019-01-30 23:02:27'),
('1901302304017734153', 'ADMIN', 'INSERT PRODUCT INBOUND DETAIL', '2019-01-30 23:04:01'),
('1901302304149304181', 'ADMIN', 'APPROVE INBOUND DATA', '2019-01-30 23:04:14'),
('1901302305417824976', 'ADMIN', 'INSERT PRODUCT INBOUND DETAIL', '2019-01-30 23:05:41'),
('1901302305549668569', 'ADMIN', 'APPROVE INBOUND DATA', '2019-01-30 23:05:54'),
('1901302307194817740', 'ADMIN', 'INSERT PRODUCT INBOUND DETAIL', '2019-01-30 23:07:19'),
('1901302310306531544', 'ADMIN', 'APPROVE INBOUND DATA', '2019-01-30 23:10:30'),
('1901310220059119459', 'ADMIN', 'LOGIN', '2019-01-31 02:20:05'),
('1901310220176461372', 'ADMIN', 'INSERT PRODUCT INBOUND', '2019-01-31 02:20:17'),
('1901310224027365749', 'ADMIN', 'INSERT PRODUCT INBOUND', '2019-01-31 02:24:02'),
('1901310229523693537', 'ADMIN', 'INSERT PRODUCT INBOUND', '2019-01-31 02:29:52'),
('1901310230346091827', 'ADMIN', 'INSERT PRODUCT INBOUND', '2019-01-31 02:30:34'),
('1901310232567689345', 'ADMIN', 'INSERT PRODUCT INBOUND', '2019-01-31 02:32:56'),
('1901310237165778557', 'ADMIN', 'INSERT PRODUCT INBOUND', '2019-01-31 02:37:16'),
('1901310240517163697', 'ADMIN', 'INSERT PRODUCT INBOUND', '2019-01-31 02:40:51'),
('1901310242119693767', 'ADMIN', 'INSERT PRODUCT INBOUND', '2019-01-31 02:42:11'),
('1901310248339481035', 'ADMIN', 'INSERT PRODUCT INBOUND', '2019-01-31 02:48:33'),
('1901310256031188665', 'ADMIN', 'INSERT PRODUCT INBOUND', '2019-01-31 02:56:03'),
('1901310301518648856', 'ADMIN', 'INSERT PRODUCT INBOUND', '2019-01-31 03:01:51'),
('1901310302426802032', 'ADMIN', 'INSERT PRODUCT INBOUND', '2019-01-31 03:02:42'),
('1901310302501408136', 'ADMIN', 'DELETE INBOUND DATA', '2019-01-31 03:02:50'),
('1901310304377679020', 'ADMIN', 'INSERT PRODUCT INBOUND', '2019-01-31 03:04:37'),
('1901310313174321573', 'ADMIN', 'INSERT PRODUCT INBOUND', '2019-01-31 03:13:17'),
('1901310322106147912', 'ADMIN', 'INSERT PRODUCT INBOUND', '2019-01-31 03:22:10'),
('1901310347271346528', 'ADMIN', 'INSERT PRODUCT INBOUND', '2019-01-31 03:47:27'),
('1901310348426919724', 'ADMIN', 'INSERT PRODUCT INBOUND', '2019-01-31 03:48:42'),
('1901310425192790730', 'ADMIN', 'INSERT PRODUCT INBOUND', '2019-01-31 04:25:19'),
('1901310426079483747', 'ADMIN', 'INSERT PRODUCT INBOUND', '2019-01-31 04:26:07'),
('1901310433491702771', 'ADMIN', 'INSERT PRODUCT INBOUND', '2019-01-31 04:33:49'),
('1901310508436742085', 'ADMIN', 'INSERT PRODUCT INBOUND', '2019-01-31 05:08:43'),
('1901310617464510323', 'ADMIN', 'INSERT PRODUCT INBOUND', '2019-01-31 06:17:46'),
('1901310820181845661', 'ADMIN', 'INSERT PRODUCT INBOUND DETAIL', '2019-01-31 08:20:18'),
('1901310824047014498', 'ADMIN', 'INSERT PRODUCT INBOUND DETAIL', '2019-01-31 08:24:04'),
('1901310829549124627', 'ADMIN', 'INSERT PRODUCT INBOUND DETAIL', '2019-01-31 08:29:54'),
('1901310830061298223', 'ADMIN', 'APPROVE INBOUND DATA', '2019-01-31 08:30:06'),
('1901310830365874547', 'ADMIN', 'INSERT PRODUCT INBOUND DETAIL', '2019-01-31 08:30:36'),
('1901310830491382938', 'ADMIN', 'APPROVE INBOUND DATA', '2019-01-31 08:30:49'),
('1901310832571848118', 'ADMIN', 'INSERT PRODUCT INBOUND DETAIL', '2019-01-31 08:32:57'),
('1901310833298500963', 'ADMIN', 'APPROVE INBOUND DATA', '2019-01-31 08:33:29'),
('1901310837184794113', 'ADMIN', 'INSERT PRODUCT INBOUND DETAIL', '2019-01-31 08:37:18'),
('1901310837378564496', 'ADMIN', 'APPROVE INBOUND DATA', '2019-01-31 08:37:37'),
('1901310840522136280', 'ADMIN', 'INSERT PRODUCT INBOUND DETAIL', '2019-01-31 08:40:52'),
('1901310841152211354', 'ADMIN', 'APPROVE INBOUND DATA', '2019-01-31 08:41:15'),
('1901310842202540638', 'ADMIN', 'INSERT PRODUCT INBOUND DETAIL', '2019-01-31 08:42:20'),
('1901310847323266071', 'ADMIN', 'APPROVE INBOUND DATA', '2019-01-31 08:47:32'),
('1901310848341292889', 'ADMIN', 'INSERT PRODUCT INBOUND DETAIL', '2019-01-31 08:48:34'),
('1901310848494071912', 'ADMIN', 'APPROVE INBOUND DATA', '2019-01-31 08:48:49'),
('1901310856046326781', 'ADMIN', 'INSERT PRODUCT INBOUND DETAIL', '2019-01-31 08:56:04'),
('1901310901161769712', 'ADMIN', 'APPROVE INBOUND DATA', '2019-01-31 09:01:16'),
('1901310901522409379', 'ADMIN', 'INSERT PRODUCT INBOUND DETAIL', '2019-01-31 09:01:52'),
('1901310902435953219', 'ADMIN', 'INSERT PRODUCT INBOUND DETAIL', '2019-01-31 09:02:43'),
('1901310904374991086', 'ADMIN', 'INSERT PRODUCT INBOUND DETAIL', '2019-01-31 09:04:37'),
('1901310911023075826', 'ADMIN', 'APPROVE INBOUND DATA', '2019-01-31 09:11:02'),
('1901310911521279233', 'ADMIN', 'APPROVE INBOUND DATA', '2019-01-31 09:11:52'),
('1901310913188550839', 'ADMIN', 'INSERT PRODUCT INBOUND DETAIL', '2019-01-31 09:13:18'),
('1901310915391864917', 'ADMIN', 'APPROVE INBOUND DATA', '2019-01-31 09:15:39'),
('1901310922118169233', 'ADMIN', 'INSERT PRODUCT INBOUND DETAIL', '2019-01-31 09:22:11'),
('1901310922254416778', 'ADMIN', 'APPROVE INBOUND DATA', '2019-01-31 09:22:25'),
('1901310947287773174', 'ADMIN', 'INSERT PRODUCT INBOUND DETAIL', '2019-01-31 09:47:28'),
('1901310948053988172', 'ADMIN', 'INSERT PRODUCT INBOUND', '2019-01-31 09:48:05'),
('1901310948558993888', 'ADMIN', 'INSERT PRODUCT INBOUND DETAIL', '2019-01-31 09:48:55'),
('1901310954171372612', 'ADMIN', 'APPROVE INBOUND DATA', '2019-01-31 09:54:17'),
('1901311010282872468', 'ADMIN', 'INSERT PRODUCT INBOUND', '2019-01-31 10:10:28'),
('1901311022584709133', 'ADMIN', 'INSERT PRODUCT INBOUND', '2019-01-31 10:22:58'),
('1901311025218605453', 'ADMIN', 'INSERT PRODUCT INBOUND DETAIL', '2019-01-31 10:25:21'),
('1901311025366608645', 'ADMIN', 'APPROVE INBOUND DATA', '2019-01-31 10:25:36'),
('1901311026075611939', 'ADMIN', 'INSERT PRODUCT INBOUND DETAIL', '2019-01-31 10:26:07'),
('1901311026488838126', 'ADMIN', 'APPROVE INBOUND DATA', '2019-01-31 10:26:48'),
('1901311033494206857', 'ADMIN', 'INSERT PRODUCT INBOUND DETAIL', '2019-01-31 10:33:49'),
('1901311040555531961', 'ADMIN', 'APPROVE INBOUND DATA', '2019-01-31 10:40:55'),
('1901311056331800953', 'ADMIN', 'INSERT PRODUCT INBOUND', '2019-01-31 10:56:33'),
('1901311056584573070', 'ADMIN', 'INSERT PRODUCT INBOUND', '2019-01-31 10:56:58'),
('1901311059169860550', 'ADMIN', 'INSERT PRODUCT INBOUND', '2019-01-31 10:59:16'),
('1901311103595865097', 'ADMIN', 'INSERT PRODUCT INBOUND', '2019-01-31 11:03:59'),
('1901311108442861092', 'ADMIN', 'INSERT PRODUCT INBOUND DETAIL', '2019-01-31 11:08:44'),
('1901311108554279741', 'ADMIN', 'APPROVE INBOUND DATA', '2019-01-31 11:08:55'),
('1901311134269624546', 'ADMIN', 'INSERT PRODUCT INBOUND', '2019-01-31 11:34:26'),
('1901311217473383763', 'ADMIN', 'INSERT PRODUCT INBOUND DETAIL', '2019-01-31 12:17:47'),
('1901311218192603817', 'ADMIN', 'APPROVE INBOUND DATA', '2019-01-31 12:18:19'),
('1901311548204914871', 'ADMIN', 'INSERT PRODUCT INBOUND DETAIL', '2019-01-31 15:48:20'),
('1902010220524807149', 'ADMIN', 'LOGIN', '2019-02-01 02:20:52'),
('1902010240541616751', 'ADMIN', 'INSERT PRODUCT INBOUND', '2019-02-01 02:40:54'),
('1902010242259401058', 'ADMIN', 'INSERT PRODUCT INBOUND', '2019-02-01 02:42:25'),
('1902010304138461057', 'ADMIN', 'INSERT PRODUCT INBOUND', '2019-02-01 03:04:13'),
('1902010312589359581', 'ADMIN', 'INSERT PRODUCT INBOUND', '2019-02-01 03:12:58'),
('1902010321133164037', 'ADMIN', 'INSERT PRODUCT INBOUND', '2019-02-01 03:21:13'),
('1902010338038703370', 'ADMIN', 'INSERT PRODUCT INBOUND', '2019-02-01 03:38:03'),
('1902010340042371929', 'ADMIN', 'INSERT PRODUCT INBOUND', '2019-02-01 03:40:04'),
('1902010402444230915', 'ADMIN', 'INSERT PRODUCT INBOUND', '2019-02-01 04:02:44'),
('1902010413501408656', 'ADMIN', 'INSERT PRODUCT INBOUND', '2019-02-01 04:13:50'),
('1902010419199647033', 'ADMIN', 'INSERT PRODUCT INBOUND', '2019-02-01 04:19:19'),
('1902010421115274255', 'ADMIN', 'INSERT PRODUCT INBOUND', '2019-02-01 04:21:11'),
('1902010422473768712', 'ADMIN', 'INSERT PRODUCT INBOUND', '2019-02-01 04:22:47'),
('1902010424409440178', 'ADMIN', 'INSERT PRODUCT INBOUND', '2019-02-01 04:24:40'),
('1902010425459031348', 'ADMIN', 'INSERT PRODUCT INBOUND', '2019-02-01 04:25:45'),
('1902010427406536712', 'ADMIN', 'INSERT PRODUCT INBOUND', '2019-02-01 04:27:40'),
('1902010428365611419', 'ADMIN', 'INSERT PRODUCT INBOUND', '2019-02-01 04:28:36'),
('1902010430044267225', 'ADMIN', 'INSERT PRODUCT INBOUND', '2019-02-01 04:30:04'),
('1902010431239403249', 'ADMIN', 'INSERT PRODUCT INBOUND', '2019-02-01 04:31:23'),
('1902010433505920927', 'ADMIN', 'INSERT PRODUCT INBOUND', '2019-02-01 04:33:50'),
('1902010436196911679', 'ADMIN', 'INSERT PRODUCT INBOUND', '2019-02-01 04:36:19'),
('1902010437294602551', 'ADMIN', 'INSERT PRODUCT INBOUND', '2019-02-01 04:37:29'),
('1902010442353430763', 'ADMIN', 'INSERT PRODUCT INBOUND', '2019-02-01 04:42:35'),
('1902010444259547280', 'ADMIN', 'INSERT PRODUCT INBOUND', '2019-02-01 04:44:25'),
('1902010458108988731', 'ADMIN', 'INSERT PRODUCT INBOUND', '2019-02-01 04:58:10'),
('1902010514048251491', 'ADMIN', 'INSERT PRODUCT INBOUND', '2019-02-01 05:14:04'),
('1902010840552438439', 'ADMIN', 'INSERT PRODUCT INBOUND DETAIL', '2019-02-01 08:40:55'),
('1902010842358212371', 'ADMIN', 'INSERT PRODUCT INBOUND DETAIL', '2019-02-01 08:42:35'),
('1902010904163970853', 'ADMIN', 'INSERT PRODUCT INBOUND DETAIL', '2019-02-01 09:04:16'),
('1902010918314343794', 'ADMIN', 'APPROVE INBOUND DATA', '2019-02-01 09:18:31'),
('1902010921143805021', 'ADMIN', 'INSERT PRODUCT INBOUND DETAIL', '2019-02-01 09:21:14'),
('1902010937302213546', 'ADMIN', 'APPROVE INBOUND DATA', '2019-02-01 09:37:30'),
('1902010938055668124', 'ADMIN', 'INSERT PRODUCT INBOUND DETAIL', '2019-02-01 09:38:05'),
('1902010938316095159', 'ADMIN', 'APPROVE INBOUND DATA', '2019-02-01 09:38:31'),
('1902010940054844598', 'ADMIN', 'INSERT PRODUCT INBOUND DETAIL', '2019-02-01 09:40:05'),
('1902011000388060195', 'ADMIN', 'APPROVE INBOUND DATA', '2019-02-01 10:00:38'),
('1902011002452958919', 'ADMIN', 'INSERT PRODUCT INBOUND DETAIL', '2019-02-01 10:02:45'),
('1902011012274931049', 'ADMIN', 'APPROVE INBOUND DATA', '2019-02-01 10:12:27'),
('1902011013513569891', 'ADMIN', 'INSERT PRODUCT INBOUND DETAIL', '2019-02-01 10:13:51'),
('1902011018515163823', 'ADMIN', 'APPROVE INBOUND DATA', '2019-02-01 10:18:51'),
('1902011019209622975', 'ADMIN', 'INSERT PRODUCT INBOUND DETAIL', '2019-02-01 10:19:20'),
('1902011020303629573', 'ADMIN', 'APPROVE INBOUND DATA', '2019-02-01 10:20:30'),
('1902011021127203248', 'ADMIN', 'INSERT PRODUCT INBOUND DETAIL', '2019-02-01 10:21:12'),
('1902011021236288546', 'ADMIN', 'APPROVE INBOUND DATA', '2019-02-01 10:21:23'),
('1902011022471203372', 'ADMIN', 'INSERT PRODUCT INBOUND DETAIL', '2019-02-01 10:22:47'),
('1902011023219682391', 'ADMIN', 'APPROVE INBOUND DATA', '2019-02-01 10:23:21'),
('1902011024411851970', 'ADMIN', 'INSERT PRODUCT INBOUND DETAIL', '2019-02-01 10:24:41'),
('1902011024581959071', 'ADMIN', 'APPROVE INBOUND DATA', '2019-02-01 10:24:58'),
('1902011025466960770', 'ADMIN', 'INSERT PRODUCT INBOUND DETAIL', '2019-02-01 10:25:46'),
('1902011026013893487', 'ADMIN', 'APPROVE INBOUND DATA', '2019-02-01 10:26:01'),
('1902011027413098933', 'ADMIN', 'INSERT PRODUCT INBOUND DETAIL', '2019-02-01 10:27:41'),
('1902011027518442687', 'ADMIN', 'APPROVE INBOUND DATA', '2019-02-01 10:27:51'),
('1902011028368958630', 'ADMIN', 'INSERT PRODUCT INBOUND DETAIL', '2019-02-01 10:28:36'),
('1902011028475539221', 'ADMIN', 'APPROVE INBOUND DATA', '2019-02-01 10:28:47'),
('1902011030052168572', 'ADMIN', 'INSERT PRODUCT INBOUND DETAIL', '2019-02-01 10:30:05'),
('1902011030378938588', 'ADMIN', 'APPROVE INBOUND DATA', '2019-02-01 10:30:37'),
('1902011031238889763', 'ADMIN', 'INSERT PRODUCT INBOUND DETAIL', '2019-02-01 10:31:23'),
('1902011031364050565', 'ADMIN', 'APPROVE INBOUND DATA', '2019-02-01 10:31:36'),
('1902011033519325628', 'ADMIN', 'INSERT PRODUCT INBOUND DETAIL', '2019-02-01 10:33:51'),
('1902011034158752195', 'ADMIN', 'APPROVE INBOUND DATA', '2019-02-01 10:34:15'),
('1902011036216223441', 'ADMIN', 'INSERT PRODUCT INBOUND DETAIL', '2019-02-01 10:36:21'),
('1902011036346234818', 'ADMIN', 'APPROVE INBOUND DATA', '2019-02-01 10:36:34'),
('1902011037308011635', 'ADMIN', 'INSERT PRODUCT INBOUND DETAIL', '2019-02-01 10:37:30'),
('1902011037512250475', 'ADMIN', 'APPROVE INBOUND DATA', '2019-02-01 10:37:51'),
('1902011042368818971', 'ADMIN', 'INSERT PRODUCT INBOUND DETAIL', '2019-02-01 10:42:36'),
('1902011043118492563', 'ADMIN', 'APPROVE INBOUND DATA', '2019-02-01 10:43:11'),
('1902011044263568231', 'ADMIN', 'INSERT PRODUCT INBOUND DETAIL', '2019-02-01 10:44:26'),
('1902011044426776734', 'ADMIN', 'APPROVE INBOUND DATA', '2019-02-01 10:44:42'),
('1902011058118483898', 'ADMIN', 'INSERT PRODUCT INBOUND DETAIL', '2019-02-01 10:58:11'),
('1902011058278905942', 'ADMIN', 'APPROVE INBOUND DATA', '2019-02-01 10:58:27');

-- --------------------------------------------------------

--
-- Table structure for table `tb_product`
--

CREATE TABLE `tb_product` (
  `PT_ID` varchar(150) NOT NULL DEFAULT '-',
  `PT_NAME` varchar(150) NOT NULL DEFAULT '-',
  `PT_UNIT` varchar(20) NOT NULL DEFAULT '-',
  `PT_UNIT_MAX` bigint(20) NOT NULL DEFAULT '0',
  `PT_UNIT_MAX_EXT` bigint(20) NOT NULL DEFAULT '0',
  `PT_DIMENSION` varchar(150) NOT NULL DEFAULT '-',
  `PT_WEIGHT` varchar(150) NOT NULL DEFAULT '-' COMMENT 'IN KG',
  `PT_VOLUME` varchar(150) NOT NULL DEFAULT '-' COMMENT 'IN CBM',
  `PT_TYPE` varchar(5) NOT NULL DEFAULT '-' COMMENT 'SN,BATCH',
  `PT_IS_MANUFDATE` varchar(3) NOT NULL DEFAULT '-' COMMENT 'NO,YES',
  `PTCY_ID` varchar(150) NOT NULL DEFAULT '-',
  `SR_ID` varchar(150) NOT NULL DEFAULT '-',
  `PT_IMAGE_TYPE` varchar(20) NOT NULL DEFAULT '-',
  `PT_IMAGE` longtext NOT NULL
) ENGINE=InnoDB DEFAULT CHARSET=latin1;

--
-- Dumping data for table `tb_product`
--

INSERT INTO `tb_product` (`PT_ID`, `PT_NAME`, `PT_UNIT`, `PT_UNIT_MAX`, `PT_UNIT_MAX_EXT`, `PT_DIMENSION`, `PT_WEIGHT`, `PT_VOLUME`, `PT_TYPE`, `PT_IS_MANUFDATE`, `PTCY_ID`, `SR_ID`, `PT_IMAGE_TYPE`, `PT_IMAGE`) VALUES
('01', 'KCP1', 'BOX', 30, 0, '300mm x 200mm x 200mm', '2.2', '0.12', 'NONE', 'NO', 'HOUSEHOLD', 'SPL001', '', ''),
('02', 'KCP2', 'BOX', 20, 0, '200mm x 200mm x 200mm', '2', '0.2', 'NONE', 'NO', 'HOUSEHOLD', 'SPL001', '', ''),
('03', 'KCC1', 'BOX', 20, 0, '150mm x 150mm x 150mm', '0.4', '4', 'BATCH', 'NO', 'MEDICAL DEVICE', 'SPL002', '', ''),
('04', 'KCC2', 'BOX', 15, 0, '100mm x 150mm x 200mm', '2', '0.35', 'NONE', 'NO', 'MEDICAL DEVICE', 'SPL002', '', ''),
('05', 'MERIT1', 'BOX', 25, 0, '100mm x 100mm x 300mm', '2', '0.3', 'NONE', 'NO', 'MEDICAL DEVICE', 'SPL003', '', ''),
('06', 'KCP3', 'BOX', 30, 0, '1mm x 1mm x 1mm', '100', '100', 'NONE', 'NO', 'GENERAL', 'SPL001', '', '');

-- --------------------------------------------------------

--
-- Table structure for table `tb_product_category`
--

CREATE TABLE `tb_product_category` (
  `PTCY_ID` varchar(150) NOT NULL DEFAULT '-'
) ENGINE=InnoDB DEFAULT CHARSET=latin1;

--
-- Dumping data for table `tb_product_category`
--

INSERT INTO `tb_product_category` (`PTCY_ID`) VALUES
('GENERAL'),
('HOUSEHOLD'),
('MEDICAL DEVICE'),
('MEDICAL DEVICE TEMP. CONTROL');

-- --------------------------------------------------------

--
-- Table structure for table `tb_product_inbound`
--

CREATE TABLE `tb_product_inbound` (
  `PTID_ID` varchar(150) NOT NULL DEFAULT '-',
  `PTID_DATE` datetime NOT NULL,
  `PTID_TGL_TERIMA` date NOT NULL,
  `SR_ID` varchar(150) NOT NULL DEFAULT '-',
  `PTID_PO_NO` varchar(150) NOT NULL DEFAULT '-',
  `PTID_PACKING_LIST_NO` varchar(150) NOT NULL DEFAULT '-',
  `PTID_PIB_NO` varchar(150) NOT NULL DEFAULT '-',
  `PTID_INVOICE_NO` varchar(150) NOT NULL DEFAULT '-',
  `FR_ID` varchar(150) NOT NULL DEFAULT '-',
  `PTID_CONTAINER_NO` varchar(150) NOT NULL DEFAULT '-',
  `PTID_CONTAINER_PLAT_NO` varchar(150) NOT NULL DEFAULT '-',
  `PTID_SEAL_NO` varchar(150) NOT NULL DEFAULT '-',
  `UR_ID` varchar(150) NOT NULL DEFAULT '-',
  `PTID_STATUS` varchar(10) NOT NULL DEFAULT '-' COMMENT 'WAITING,APPROVE',
  `PTID_APP_BY` varchar(150) NOT NULL DEFAULT '-',
  `PTID_QTY_TOTAL` bigint(20) NOT NULL DEFAULT '0'
) ENGINE=InnoDB DEFAULT CHARSET=latin1;

--
-- Dumping data for table `tb_product_inbound`
--

INSERT INTO `tb_product_inbound` (`PTID_ID`, `PTID_DATE`, `PTID_TGL_TERIMA`, `SR_ID`, `PTID_PO_NO`, `PTID_PACKING_LIST_NO`, `PTID_PIB_NO`, `PTID_INVOICE_NO`, `FR_ID`, `PTID_CONTAINER_NO`, `PTID_CONTAINER_PLAT_NO`, `PTID_SEAL_NO`, `UR_ID`, `PTID_STATUS`, `PTID_APP_BY`, `PTID_QTY_TOTAL`) VALUES
('IN/010219/2590', '2019-02-01 10:58:27', '2019-02-01', 'SPL001', '1', '1', '1', '1', 'FWD001', '1', '1', '1', 'ADMIN', 'APPROVE', 'ADMIN', 200),
('IN/010219/4746', '2019-02-01 10:43:11', '2019-02-01', 'SPL001', '1', '1', '1', '1', 'FWD001', '1', '1', '1', 'ADMIN', 'APPROVE', 'ADMIN', 200),
('IN/010219/6139', '2019-02-01 05:14:04', '2019-02-01', 'SPL001', '1', '1', '1', '1', 'FWD001', '', '', '', 'ADMIN', 'WAITING', '', 1),
('IN/010219/7979', '2019-02-01 10:44:41', '2019-02-01', 'SPL001', '1', '1', '1', '1', 'FWD001', '1', '1', '1', 'ADMIN', 'APPROVE', 'ADMIN', 200);

-- --------------------------------------------------------

--
-- Table structure for table `tb_product_inbound_detail`
--

CREATE TABLE `tb_product_inbound_detail` (
  `PTIDDL_ID` varchar(150) NOT NULL DEFAULT '-',
  `PTIDDL_DATE` datetime NOT NULL,
  `PTID_ID` varchar(150) NOT NULL DEFAULT '-',
  `PT_ID` varchar(150) NOT NULL DEFAULT '-',
  `RK_ID` varchar(150) NOT NULL DEFAULT '-',
  `PTIDDL_LABEL` varchar(150) NOT NULL DEFAULT '-',
  `PTIDDL_NO` varchar(150) NOT NULL DEFAULT '-',
  `PTIDDL_MANUFDATE` varchar(150) NOT NULL DEFAULT '-',
  `PTIDDL_EXPIRED` varchar(10) NOT NULL DEFAULT '-',
  `PTIDDL_QTY` bigint(20) NOT NULL DEFAULT '0',
  `PTIDDL_QTY_GOOD` bigint(20) NOT NULL DEFAULT '0',
  `PTIDDL_QTY_BAD` bigint(20) NOT NULL DEFAULT '0'
) ENGINE=InnoDB DEFAULT CHARSET=latin1;

--
-- Dumping data for table `tb_product_inbound_detail`
--

INSERT INTO `tb_product_inbound_detail` (`PTIDDL_ID`, `PTIDDL_DATE`, `PTID_ID`, `PT_ID`, `RK_ID`, `PTIDDL_LABEL`, `PTIDDL_NO`, `PTIDDL_MANUFDATE`, `PTIDDL_EXPIRED`, `PTIDDL_QTY`, `PTIDDL_QTY_GOOD`, `PTIDDL_QTY_BAD`) VALUES
('1902011043117345188', '2019-02-01 10:43:11', 'IN/010219/4746', '02', 'A02-0', '02[]KCP2[]A02-0[]2019-02-01[]10[]02BATC2019020120190834', 'BATCH', '', '2019-02-02', 10, 10, 0),
('1902011043118455469', '2019-02-01 10:43:11', 'IN/010219/4746', '01', 'A01-0', '01[]KCP1[]A01-0[]2019-02-01[]20[]01SN2019020120190930', 'SN', '', '2019-02-01', 20, 20, 0),
('1902011044412176617', '2019-02-01 10:44:41', 'IN/010219/7979', '02', 'QT1-0', '02[]KCP2[]QT1-0[]2019-02-01[]20[]02BATC2019020120190973', 'BATCH', '', '2019-03-02', 20, 20, 0),
('1902011044418018983', '2019-02-01 10:44:41', 'IN/010219/7979', '01', 'A03-0', '01[]KCP1[]A03-0[]2019-02-01[]30[]01SN2019020120190946', 'SN', '', '2019-02-01', 30, 30, 0),
('1902011058278444258', '2019-02-01 10:58:27', 'IN/010219/2590', '02', 'QT3-0', '02[]KCP2[]QT3-0[]2019-02-01[]20[]02SN2019020120190575', 'SN', '', '2019-02-02', 20, 20, 0),
('1902011058278508577', '2019-02-01 10:58:27', 'IN/010219/2590', '01', 'QT2-0', '01[]KCP1[]QT2-0[]2019-02-01[]30[]01SN2019020120190440', 'SN', '', '2019-02-01', 30, 30, 0);

-- --------------------------------------------------------

--
-- Table structure for table `tb_product_outbound`
--

CREATE TABLE `tb_product_outbound` (
  `PTOD_ID` varchar(150) NOT NULL DEFAULT '-',
  `PTOD_DATE` datetime NOT NULL,
  `PTOD_TGL_KIRIM` date NOT NULL,
  `PTOD_DO_NO` varchar(150) NOT NULL DEFAULT '-',
  `PTOD_ORDER_NO` varchar(150) NOT NULL DEFAULT '-',
  `DR_ID` varchar(150) NOT NULL DEFAULT '-',
  `PTOD_TRUCK_TYPE` varchar(150) NOT NULL DEFAULT '-',
  `PTOD_TRUCK_NO` varchar(150) NOT NULL DEFAULT '-',
  `PTOD_DRIVER` varchar(150) NOT NULL DEFAULT '-',
  `EI_ID` varchar(150) NOT NULL DEFAULT '-',
  `PTOD_SEAL_NO` varchar(150) NOT NULL DEFAULT '-',
  `UR_ID` varchar(150) NOT NULL DEFAULT '-',
  `PTOD_STATUS` varchar(10) NOT NULL DEFAULT '-' COMMENT 'WAITING,APPROVE',
  `PTOD_APP_BY` varchar(150) NOT NULL DEFAULT '-',
  `PTOD_QTY_TOTAL` bigint(20) NOT NULL DEFAULT '0'
) ENGINE=InnoDB DEFAULT CHARSET=latin1;

-- --------------------------------------------------------

--
-- Table structure for table `tb_product_outbound_detail`
--

CREATE TABLE `tb_product_outbound_detail` (
  `PTODDL_ID` varchar(150) NOT NULL DEFAULT '-',
  `PTODDL_DATE` datetime NOT NULL,
  `PTOD_ID` varchar(150) NOT NULL DEFAULT '-',
  `PT_ID` varchar(150) NOT NULL DEFAULT '-',
  `RK_ID` varchar(150) NOT NULL DEFAULT '-',
  `PTODDL_LABEL` varchar(150) NOT NULL DEFAULT '-',
  `PTODDL_NO` varchar(150) NOT NULL DEFAULT '-',
  `PTODDL_MANUFDATE` varchar(150) NOT NULL DEFAULT '-',
  `PTODDL_EXPIRED` varchar(10) NOT NULL DEFAULT '-',
  `PTODDL_QTY` bigint(20) NOT NULL DEFAULT '0',
  `PTODDL_QTY_GOOD` bigint(20) NOT NULL DEFAULT '0',
  `PTODDL_QTY_BAD` bigint(20) NOT NULL DEFAULT '0'
) ENGINE=InnoDB DEFAULT CHARSET=latin1;

-- --------------------------------------------------------

--
-- Table structure for table `tb_product_quarantine`
--

CREATE TABLE `tb_product_quarantine` (
  `PTQE_ID` varchar(255) NOT NULL,
  `PTIDDL_ID` varchar(150) NOT NULL,
  `PTID_ID` varchar(150) NOT NULL,
  `PT_ID` varchar(150) NOT NULL,
  `PTQE_NAME` varchar(100) NOT NULL,
  `PTQE_DATE` datetime NOT NULL,
  `PTQE_NO` varchar(150) NOT NULL DEFAULT '-',
  `PTQE_EXPIRED` varchar(10) NOT NULL DEFAULT '-',
  `PTQE_QTY` bigint(20) NOT NULL,
  `PTQE_STATUS` varchar(10) NOT NULL DEFAULT '-' COMMENT 'WAITING,DESTROY,RESTOCK,RETURN,SAMPLE'
) ENGINE=InnoDB DEFAULT CHARSET=latin1;

--
-- Dumping data for table `tb_product_quarantine`
--

INSERT INTO `tb_product_quarantine` (`PTQE_ID`, `PTIDDL_ID`, `PTID_ID`, `PT_ID`, `PTQE_NAME`, `PTQE_DATE`, `PTQE_NO`, `PTQE_EXPIRED`, `PTQE_QTY`, `PTQE_STATUS`) VALUES
('1902011058277353753', '1902011058113059647', 'IN/010219/2590', '01', 'KCP1', '2019-02-01 10:58:27', 'SN', '2019-02-01', 69, 'WAITING'),
('1902011058278017578', '1902011058113239112', 'IN/010219/2590', '02', 'KCP1', '2019-02-01 10:58:27', 'SN', '2019-02-02', 70, 'WAITING');

-- --------------------------------------------------------

--
-- Table structure for table `tb_product_return`
--

CREATE TABLE `tb_product_return` (
  `PTRN_ID` bigint(20) NOT NULL,
  `PTID_ID` varchar(150) NOT NULL,
  `PT_ID` varchar(150) NOT NULL,
  `PTRN_NAME` varchar(255) NOT NULL,
  `PTRN_DATE` datetime NOT NULL,
  `PTRN_NO` varchar(255) NOT NULL,
  `PTRN_EXPIRED` varchar(255) NOT NULL,
  `PTRN_QTY` bigint(20) NOT NULL,
  `PTRN_STATUS` varchar(255) NOT NULL DEFAULT 'RETURN'
) ENGINE=InnoDB DEFAULT CHARSET=latin1;

-- --------------------------------------------------------

--
-- Table structure for table `tb_product_sample`
--

CREATE TABLE `tb_product_sample` (
  `PTSP_ID` bigint(20) NOT NULL,
  `PTID_ID` varchar(150) NOT NULL,
  `PT_ID` varchar(150) NOT NULL,
  `PTSP_NAME` varchar(255) NOT NULL,
  `PTSP_DATE` datetime NOT NULL,
  `PTSP_NO` varchar(255) NOT NULL,
  `PTSP_EXPIRED` varchar(255) NOT NULL,
  `PTSP_QTY` bigint(20) NOT NULL,
  `PTSP_STATUS` varchar(255) NOT NULL DEFAULT 'SAMPLE'
) ENGINE=InnoDB DEFAULT CHARSET=latin1;

--
-- Dumping data for table `tb_product_sample`
--

INSERT INTO `tb_product_sample` (`PTSP_ID`, `PTID_ID`, `PT_ID`, `PTSP_NAME`, `PTSP_DATE`, `PTSP_NO`, `PTSP_EXPIRED`, `PTSP_QTY`, `PTSP_STATUS`) VALUES
(31, 'IN/310119/2634', '02', 'KCP2', '2019-01-31 12:51:58', 'SN', '2019-01-31', 1, 'SAMPLE'),
(32, 'IN/310119/2634', '02', 'KCP2', '2019-01-31 12:52:08', 'SN', '2019-01-31', 1, 'SAMPLE'),
(33, 'IN/310119/9407', '01', 'KCP1', '2019-01-31 12:52:12', 'SN', '2019-01-31', 1, 'SAMPLE'),
(34, 'IN/310119/9407', '01', 'KCP1', '2019-01-31 12:52:21', 'SN', '2019-01-31', 1, 'SAMPLE'),
(35, 'IN/310119/9407', '01', 'KCP1', '2019-01-31 12:52:46', 'SN', '2019-01-31', 1, 'SAMPLE'),
(36, 'IN/310119/2634', '02', 'KCP2', '2019-01-31 12:54:15', 'SN', '2019-01-31', 1, 'SAMPLE'),
(37, 'IN/310119/2634', '02', 'KCP2', '2019-01-31 12:54:20', 'SN', '2019-01-31', 1, 'SAMPLE'),
(38, 'IN/310119/9407', '01', 'KCP1', '2019-01-31 12:54:24', 'SN', '2019-01-31', 2, 'SAMPLE'),
(39, 'IN/310119/2634', '02', 'KCP2', '2019-02-01 08:26:23', 'SN', '2019-01-31', 1, 'SAMPLE');

-- --------------------------------------------------------

--
-- Table structure for table `tb_rack`
--

CREATE TABLE `tb_rack` (
  `RK_ID` varchar(150) NOT NULL DEFAULT '-',
  `RK_TYPE` varchar(150) NOT NULL DEFAULT '-',
  `RK_SUBRACK` double NOT NULL DEFAULT '0',
  `RK_LEVEL` double NOT NULL DEFAULT '0',
  `SE_ID` varchar(150) NOT NULL DEFAULT '-',
  `RK_STATUS` int(11) NOT NULL DEFAULT '1'
) ENGINE=InnoDB DEFAULT CHARSET=latin1;

--
-- Dumping data for table `tb_rack`
--

INSERT INTO `tb_rack` (`RK_ID`, `RK_TYPE`, `RK_SUBRACK`, `RK_LEVEL`, `SE_ID`, `RK_STATUS`) VALUES
('A01-0', 'SINGLE', 1, 1, 'KCC', 1),
('A02-0', 'SINGLE', 1, 1, 'KCC', 1),
('A03-0', 'SINGLE', 1, 1, 'KCC', 1),
('B01-B', 'SINGLE', 1, 2, 'KCC', 1),
('B01-T', 'SINGLE', 1, 2, 'KCC', 1),
('B02-B', 'SINGLE', 1, 2, 'KCC', 1),
('B02-T', 'SINGLE', 1, 2, 'KCC', 1),
('B03-B', 'SINGLE', 1, 2, 'KCC', 1),
('B03-T', 'SINGLE', 1, 2, 'KCC', 1),
('C01-1-0', 'DRIVE IN', 3, 1, 'KCC', 1),
('C01-2-0', 'DRIVE IN', 3, 1, 'KCC', 1),
('C01-3-0', 'DRIVE IN', 3, 1, 'KCC', 1),
('C02-1-0', 'DRIVE IN', 3, 1, 'KCC', 1),
('C02-2-0', 'DRIVE IN', 3, 1, 'KCC', 1),
('C02-3-0', 'DRIVE IN', 3, 1, 'KCC', 1),
('C03-1-0', 'DRIVE IN', 3, 1, 'KCC', 1),
('C03-2-0', 'DRIVE IN', 3, 1, 'KCC', 1),
('C03-3-0', 'DRIVE IN', 3, 1, 'KCC', 1),
('D01-1-B', 'DRIVE IN', 3, 2, 'KCC', 1),
('D01-1-T', 'DRIVE IN', 3, 2, 'KCC', 1),
('D01-2-B', 'DRIVE IN', 3, 2, 'KCC', 1),
('D01-2-T', 'DRIVE IN', 3, 2, 'KCC', 1),
('D01-3-B', 'DRIVE IN', 3, 2, 'KCC', 1),
('D01-3-T', 'DRIVE IN', 3, 2, 'KCC', 1),
('D02-1-B', 'DRIVE IN', 3, 2, 'KCC', 1),
('D02-1-T', 'DRIVE IN', 3, 2, 'KCC', 1),
('D02-2-B', 'DRIVE IN', 3, 2, 'KCC', 1),
('D02-2-T', 'DRIVE IN', 3, 2, 'KCC', 1),
('D02-3-B', 'DRIVE IN', 3, 2, 'KCC', 1),
('D02-3-T', 'DRIVE IN', 3, 2, 'KCC', 1),
('D03-1-B', 'DRIVE IN', 3, 2, 'KCC', 1),
('D03-1-T', 'DRIVE IN', 3, 2, 'KCC', 1),
('D03-2-B', 'DRIVE IN', 3, 2, 'KCC', 1),
('D03-2-T', 'DRIVE IN', 3, 2, 'KCC', 1),
('D03-3-B', 'DRIVE IN', 3, 2, 'KCC', 1),
('D03-3-T', 'DRIVE IN', 3, 2, 'KCC', 1),
('QT1-0', 'SINGLE', 1, 1, 'QUARANTINE', 1),
('QT2-0', 'SINGLE', 1, 1, 'QUARANTINE', 1),
('QT3-0', 'SINGLE', 1, 1, 'QUARANTINE', 1);

-- --------------------------------------------------------

--
-- Table structure for table `tb_storage`
--

CREATE TABLE `tb_storage` (
  `SE_ID` varchar(150) NOT NULL DEFAULT '-'
) ENGINE=InnoDB DEFAULT CHARSET=latin1;

--
-- Dumping data for table `tb_storage`
--

INSERT INTO `tb_storage` (`SE_ID`) VALUES
('KCC'),
('KCP'),
('MERIT'),
('QUARANTINE'),
('REJECT');

-- --------------------------------------------------------

--
-- Table structure for table `tb_supplier`
--

CREATE TABLE `tb_supplier` (
  `SR_ID` varchar(150) NOT NULL DEFAULT '-',
  `SR_NAME` varchar(150) NOT NULL DEFAULT '-',
  `SR_PHONE` varchar(15) NOT NULL DEFAULT '0',
  `SR_EMAIL` varchar(150) NOT NULL DEFAULT '-',
  `SR_ADDRESS` text NOT NULL,
  `SR_ADDRESS_MANUFACTURING` text NOT NULL,
  `SR_COUNTRY` varchar(150) NOT NULL DEFAULT '-'
) ENGINE=InnoDB DEFAULT CHARSET=latin1;

--
-- Dumping data for table `tb_supplier`
--

INSERT INTO `tb_supplier` (`SR_ID`, `SR_NAME`, `SR_PHONE`, `SR_EMAIL`, `SR_ADDRESS`, `SR_ADDRESS_MANUFACTURING`, `SR_COUNTRY`) VALUES
('SPL001', 'PT KIMBERLY CLARK PROFESSIONAL', '021 30400800', 'Markarius.Bihastoko@kcc.com', 'Wisma 77 Tower 2 - 16th Floor, Suite 1602. Jl Letnan Jendral S Parman Kav 77, Jakarta 11410. Indonesia', 'JALAN JABABEKA IXB BLOK Q2, KAWASAN INDUSTRI JABABEKA 1 CIKARANG BEKASI', 'BEKASI'),
('SPL002', 'PT KIMBERLY CLARK CONSUMER', '021 2222222', 'abc@gmail.com', 'jalan jalan', 'jalan jalan saja', 'JAKARTA'),
('SPL003', 'PT MERIT MEDICAL', '022123466', 'cde@gmail.com', 'jalan merit', 'merit jalan', 'BANDUNG'),
('SPL004', 'PT SENTOSA JAYA', '0897222222', 'sentosa@gmail.com', 'bekasi', 'galaxy', 'KOTA BEKASI');

-- --------------------------------------------------------

--
-- Table structure for table `tb_user`
--

CREATE TABLE `tb_user` (
  `UR_ID` varchar(150) NOT NULL DEFAULT '-',
  `UR_PASSWORD` varchar(150) NOT NULL DEFAULT '-',
  `UR_NAME` varchar(150) NOT NULL DEFAULT '-',
  `UR_PHONE` varchar(15) NOT NULL DEFAULT '-',
  `UR_EMAIL` varchar(150) NOT NULL DEFAULT '-',
  `GT_ID` varchar(150) NOT NULL DEFAULT '-'
) ENGINE=InnoDB DEFAULT CHARSET=latin1;

--
-- Dumping data for table `tb_user`
--

INSERT INTO `tb_user` (`UR_ID`, `UR_PASSWORD`, `UR_NAME`, `UR_PHONE`, `UR_EMAIL`, `GT_ID`) VALUES
('ADMIN', '12345', 'ADMIN', '081100000000', 'test@gmail.com', 'ADMIN'),
('AYU', 'AYU@WMS', 'SRI RAHAYU ANANI', '62811', 'sri.anani@mursmedic.com', 'SUPERVISOR'),
('EDDYG', 'ID4EDDYGW', 'EDDY GUNAWAN', '0811823077', 'eddy.gunawan@sixmurs.com', 'ADMIN'),
('IMAM', 'IMAM@WMS', 'IMAM', '62811', 'imam@mursmedic.com', 'USER'),
('RIANI', 'MURS@WMS', 'RIANI RESIANINGRUM', '62811882', 'rresianingrum@mursmedic.com', 'SUPERVISOR'),
('TIKA', 'TIKA@WMS', 'DEWI KARTIKA', '62811', 'dewi.kartika@mursmedic.com', 'USER'),
('USER', '12345', 'USER', '082200000000', 'user@gmail.com', 'USER');

--
-- Indexes for dumped tables
--

--
-- Indexes for table `tb_distributor`
--
ALTER TABLE `tb_distributor`
  ADD PRIMARY KEY (`DR_ID`);

--
-- Indexes for table `tb_ekspedisi`
--
ALTER TABLE `tb_ekspedisi`
  ADD PRIMARY KEY (`EI_ID`);

--
-- Indexes for table `tb_forwarder`
--
ALTER TABLE `tb_forwarder`
  ADD PRIMARY KEY (`FR_ID`);

--
-- Indexes for table `tb_grant`
--
ALTER TABLE `tb_grant`
  ADD PRIMARY KEY (`GT_ID`);

--
-- Indexes for table `tb_log`
--
ALTER TABLE `tb_log`
  ADD PRIMARY KEY (`LG_ID`);

--
-- Indexes for table `tb_product`
--
ALTER TABLE `tb_product`
  ADD PRIMARY KEY (`PT_ID`),
  ADD KEY `FK_PTCY_ID` (`PTCY_ID`),
  ADD KEY `FK_SR_ID` (`SR_ID`);

--
-- Indexes for table `tb_product_category`
--
ALTER TABLE `tb_product_category`
  ADD PRIMARY KEY (`PTCY_ID`);

--
-- Indexes for table `tb_product_inbound`
--
ALTER TABLE `tb_product_inbound`
  ADD PRIMARY KEY (`PTID_ID`),
  ADD KEY `FK_SR_ID` (`SR_ID`),
  ADD KEY `FK_UR_ID` (`UR_ID`),
  ADD KEY `FK_FR_ID` (`FR_ID`);

--
-- Indexes for table `tb_product_inbound_detail`
--
ALTER TABLE `tb_product_inbound_detail`
  ADD PRIMARY KEY (`PTIDDL_ID`),
  ADD KEY `FK_PTID_ID` (`PTID_ID`),
  ADD KEY `FK_PT_ID` (`PT_ID`);

--
-- Indexes for table `tb_product_outbound`
--
ALTER TABLE `tb_product_outbound`
  ADD PRIMARY KEY (`PTOD_ID`),
  ADD KEY `FK_DR_ID` (`DR_ID`),
  ADD KEY `FK_UR_ID` (`UR_ID`),
  ADD KEY `FK_EI_ID` (`EI_ID`);

--
-- Indexes for table `tb_product_outbound_detail`
--
ALTER TABLE `tb_product_outbound_detail`
  ADD PRIMARY KEY (`PTODDL_ID`),
  ADD KEY `FK_PTOD_ID` (`PTOD_ID`),
  ADD KEY `FK_PT_ID` (`PT_ID`);

--
-- Indexes for table `tb_product_quarantine`
--
ALTER TABLE `tb_product_quarantine`
  ADD PRIMARY KEY (`PTQE_ID`),
  ADD UNIQUE KEY `PTIDDL_ID` (`PTIDDL_ID`,`PTID_ID`,`PT_ID`);

--
-- Indexes for table `tb_product_return`
--
ALTER TABLE `tb_product_return`
  ADD PRIMARY KEY (`PTRN_ID`);

--
-- Indexes for table `tb_product_sample`
--
ALTER TABLE `tb_product_sample`
  ADD PRIMARY KEY (`PTSP_ID`);

--
-- Indexes for table `tb_rack`
--
ALTER TABLE `tb_rack`
  ADD PRIMARY KEY (`RK_ID`),
  ADD KEY `FK_SE_ID` (`SE_ID`);

--
-- Indexes for table `tb_storage`
--
ALTER TABLE `tb_storage`
  ADD PRIMARY KEY (`SE_ID`);

--
-- Indexes for table `tb_supplier`
--
ALTER TABLE `tb_supplier`
  ADD PRIMARY KEY (`SR_ID`);

--
-- Indexes for table `tb_user`
--
ALTER TABLE `tb_user`
  ADD PRIMARY KEY (`UR_ID`),
  ADD KEY `FK_GT_ID` (`GT_ID`);

--
-- AUTO_INCREMENT for dumped tables
--

--
-- AUTO_INCREMENT for table `tb_product_return`
--
ALTER TABLE `tb_product_return`
  MODIFY `PTRN_ID` bigint(20) NOT NULL AUTO_INCREMENT;

--
-- AUTO_INCREMENT for table `tb_product_sample`
--
ALTER TABLE `tb_product_sample`
  MODIFY `PTSP_ID` bigint(20) NOT NULL AUTO_INCREMENT, AUTO_INCREMENT=40;

--
-- Constraints for dumped tables
--

--
-- Constraints for table `tb_product`
--
ALTER TABLE `tb_product`
  ADD CONSTRAINT `tb_product_ibfk_2` FOREIGN KEY (`PTCY_ID`) REFERENCES `tb_product_category` (`PTCY_ID`) ON DELETE CASCADE ON UPDATE CASCADE,
  ADD CONSTRAINT `tb_product_ibfk_3` FOREIGN KEY (`SR_ID`) REFERENCES `tb_supplier` (`SR_ID`) ON DELETE CASCADE ON UPDATE CASCADE;

--
-- Constraints for table `tb_product_inbound_detail`
--
ALTER TABLE `tb_product_inbound_detail`
  ADD CONSTRAINT `tb_product_inbound_detail_ibfk_1` FOREIGN KEY (`PTID_ID`) REFERENCES `tb_product_inbound` (`PTID_ID`) ON DELETE CASCADE ON UPDATE CASCADE;

--
-- Constraints for table `tb_product_outbound_detail`
--
ALTER TABLE `tb_product_outbound_detail`
  ADD CONSTRAINT `tb_product_outbound_detail_ibfk_1` FOREIGN KEY (`PTOD_ID`) REFERENCES `tb_product_outbound` (`PTOD_ID`) ON DELETE CASCADE ON UPDATE CASCADE;

--
-- Constraints for table `tb_rack`
--
ALTER TABLE `tb_rack`
  ADD CONSTRAINT `tb_rack_ibfk_1` FOREIGN KEY (`SE_ID`) REFERENCES `tb_storage` (`SE_ID`) ON DELETE CASCADE ON UPDATE CASCADE;

--
-- Constraints for table `tb_user`
--
ALTER TABLE `tb_user`
  ADD CONSTRAINT `tb_user_ibfk_1` FOREIGN KEY (`GT_ID`) REFERENCES `tb_grant` (`GT_ID`) ON DELETE CASCADE ON UPDATE CASCADE;
COMMIT;

/*!40101 SET CHARACTER_SET_CLIENT=@OLD_CHARACTER_SET_CLIENT */;
/*!40101 SET CHARACTER_SET_RESULTS=@OLD_CHARACTER_SET_RESULTS */;
/*!40101 SET COLLATION_CONNECTION=@OLD_COLLATION_CONNECTION */;
